"rel","Hash"
"appmanifest.json","2BADD0F639305EC65F0DA4C808A5702030EB792217246F78523E48D4EFD13CCF"
"bunker_json","86D9D6587FAB755EB783CA2C2B476395002834CC5F6B8A2E9AE2B5A5C730D47C"
"c2runtime.js","7CDB40D3A708A396E4EFAA7136B048FEE6FE28F3994ED186145E067A2876B522"
"cordova.js","387F3562C6FA8ED3C4AE6E920A5858A190A4A33ADB2B5787BBD2C69D64694B6E"
"cordova_plugins.js","BD291209440AD68A16178BF2B57E9857B1C1B51CAEF0A0A0C59C8FFC7033AEF8"
"data.js","EC63BEAE63C9FE04ED8368E044D1A8AD20D1F785BDE0DD01F5FD4E40C58953E3"
"gui_pad_btn-sheet0.png","4C65718342510E974E84756B26E4B7829466E9D3DEC8423795E4B2BED52218B5"
"icon-114.png","D90342B31E9A78C605595B3D55B03A11C1ED63E7497EE852CD6AE11744761476"
"icon-128.png","49A5C23CFF5BB623BD0DCF7949DAFBA52006C80D8F59B1E3BD408E9311B2E059"
"icon-16.png","A3FAE7C44EA0B371907BCE38A677D0DF97D833FBFD688B7B4ADDE35C38D6C62E"
"icon-256.png","EC31C98AE1CEB1516132DF6AA7A7EE121C88BF6AA1D227794192A9F0BFFE6E22"
"icon-32.png","A3FAE7C44EA0B371907BCE38A677D0DF97D833FBFD688B7B4ADDE35C38D6C62E"
"icon-72.png","86A1FC253C28F8615248E01D6A39A2154CD3AD8C42EE11894CC1AFE368BB2BAA"
"index.html","2254680392FD42D6B1CF4065E5211AD853351750EF10EE7E33D67927BED24341"
"jquery-3.4.1.min.js","0925E8AD7BD971391A8B1E98BE8E87A6971919EB5B60C196485941C3C1DF089A"
"lan_bridge.js","C9AFB4C3FA7B4A6C4510D086DCCF80B95F1ECBAE1CBF90C82091A72E8F944100"
"loading-logo.png","1ECB98243FF77F0CA4DE728C0A7A667F5271F640FACD7144C3E115684CB99B20"
"l_cz_items.xml","57071E9A4ED1D396721DA334600F20EECAC5CB9630FC0ABC8835E32CCF73DD99"
"l_cz_log.xml","7F4781A30D9B21F6A9B974163627BF0FAF8D06E9C9B91A8EAC9CB2EDB776E567"
"l_cz_ui.xml","A99E883CFE1544136EF2A3D6194BCD832B64A50C66D66B57965EC761300F5F4D"
"l_de_items.xml","D9CF5173B1B6140AAFC17A584DDBED2CF1B5D15541FAEAFA7BBBCB03FFD97E42"
"l_de_log.xml","C5583DFF7E30F7D3F8FEC106D9851CF9418D224275001CBCD6339A946AA20CBA"
"l_de_ui.xml","3EF8E86FE19E5B54B916C59321DD79DACF85BAF9E0BD4E7A70BD8C624FE3A37A"
"l_eng_items.xml","F5FE826B3EA33DE195A9529126354A89F7F98DE6C3B3AD54073A43B4B5433511"
"l_eng_log.xml","DB467E44B754F6DA8182B020D19269E8C018185FD1455FF07A8001379EB05888"
"l_eng_new.xml","036DCF2E708BF81F9360E76A2D4731F90C7DE3B6197295091CBB0FCF32682039"
"l_eng_ui.xml","DD5C6F7979D8F3900BF8A6BB9376B088C23F6CC7CCF19DE54346EE4077042049"
"l_es_items.xml","285EAE2688EE21763BCE437AD8FD33F3B66F25FF17F08C6462D7AD105D45B31B"
"l_es_logs.xml","8DD5AD4AE908D24608CE39751902019235407F7D9974D81A3D4FAD15AA5C877D"
"l_es_new.xml","D94A17F527E2E44636375CDFFF39AFB5CA70BEFE551BD8DFD2C826AE21D0BDCB"
"l_es_ui.xml","0A1D7579DF29BF9672B0DBB8ABD8109AA6985416C6DF239919B2494856EF3A22"
"l_fr_items.xml","2D982985FC4660ED992E0EEC260BBD6105A27F2D45F9D71A6851A1F6C4EFBBF8"
"l_fr_logs.xml","EF4C455B0518B98EC61A1D19324E175ABFF7BF554CEFCE8ADFB20DA90F844A4F"
"l_fr_ui.xml","C1F94FB744AAD39413D9D69CD7B0B8560BD7E8819016F949B088CB343352F8BC"
"l_it_items.xml","4E41A40E75DA6A49A827DCE1D074DE175D580BC5E170FA46049E21681B0B700A"
"l_it_logs.xml","29B131A659A93275C9E3FC4482F5FB67322B44DFFB74014AC947C5B5E5FF9E74"
"l_it_ui.xml","C5784C6548AD250E259FF029A3C1F9B34DF75C5CDE90C784D82CD1AB6B023391"
"l_pt_items.xml","8A8984D2B9BCCCFEF4FC60C749F83D63273A24B5ECAD8FF78384EE3738B8D8DE"
"l_pt_logs.xml","28BB213CEB78E15576DAF2492AA798D8F9526BB3B5B71DF58A2BCECA930BC27A"
"l_pt_new.xml","A37046329367CF93D2600266CEE53877053D68E798D8315D47D597A631C09D59"
"l_pt_ui.xml","D60A09913AC2C21C5E7FC0B9B82F96ED2FBF2D16420EE142E37ABB65BFAF3361"
"l_ru_items.xml","A6E3C24F42EB023A4F149710D4584256EA02F397919580933889E48F5CEFCB6A"
"l_ru_log.xml","6D2FCFB901418E22912558360BD7FC71CBF3CEEDB7E1AE7936D69FB397EC7D74"
"l_ru_new.xml","EF767AD04EF4B57BBE0770C35344D4317950654980213876FBFEC7A22CCD5242"
"l_ru_ui.xml","E9CB01D6591C6A5D94BBEA508147DFF1DFD07EAB2FF38D43F18AD3E7DC394834"
"mp_authority.js","F09ED8C41E744D37BAE3879A31547A232B1DFA3FB2D67B42D9B181DFF35810F9"
"mp_entities.js","BD2DF00738D8EBB525DEE359FD0BE81FBD0C8F6DBED9C8DDD3A380400C50DD82"
"mp_interactions.js","2173C490A658E8067BADB9C45FDEFD33EAAF415FAA5307CB0C798757C351A451"
"mp_join.js","2EB41807A4D4200161DE965EB84002DAFB9196EC90648DBFE13CBCB2978DD2BE"
"mp_players.js","4C00D9365243FDB0C005DF89D30B6F53CB9FC02BECC2BF6EDA9360C17E73CF6E"
"mp_worldseed.js","7BEEA1F168785EF788B6E990B03F8E7FD8338729B21CDF8B44E25FE43C6F24D6"
"mp_worldstate.js","F53885C30889AAF4304F38EB949A32780F6F8D4D597BC7B043DCA6553EBA412A"
"offline.js","7BDA64E47D37B662B2D8BD948956F70F0F6D2924BB6158185465F0B447C53DE6"
"offlineClient.js","68E0BCD6D56E3756B0CA2739642810447609FCD395F17C21CD748798898884E5"
"peerjs.min.js","68AAA38E838B1184FDCFA449462B93B6D4BF6ED188D73358EC5CB34FB0E02F01"
"sw.js","763C1A959DCA7D19564453A1E6B410245AC0ACCC36D2A1FBC6C97786F30C5DD9"
"zoom.js","38A647F6B8E0E2545C23CC0C22F1279A134BE8DEBCEE5573AA6770A35D13DB42"
"больница.png","C33AD135ABB51A0390256BDC11E80203E2C128E2DDFC14252A0CA72803EF5A9D"
"вертикальная дорога.png","10D6E5D16C3A5FBA7B85F871B37CABA2D752CFB3F50DEBDE22A7D765CA550A45"
"военка.png","12EEF52EB0F36E1AE6A039A3795C2E08E7ABFE321C34A09EF82249F34BD2C1AB"
"горизонтальная дорога.png","5719BCD1B7337893BD4BF06F162A75943BF8FA374D0D3D754B30628A337B1AE7"
"город.png","D01661F7AFE8321FA1746501C6D7FE5FE2C1EDB9106BABFDBFC7FA5A26536EA4"
"деревня.png","C563A26CB0172AE8B88254A340D88E657C4740B449F4EA37CEE49B5B5EAED82C"
"кнопка.png","CB283E736F5493CAC59B66A9182191A6A3538CA1221A16C77C0165FC46F09AE5"
"перекрёсток.png","16C45B62180EEA401260C6A7F07B4913D40DF39A173F2EE25608D7A1A5ECBDA8"
"пожарка.png","A8D011C31EDC99DDE72A764E14C7871C9E220DA835E2410D619FE82D7A263308"
"пустота.png","B0175D84118093D085DDE89D738057DAF1D596E0843E2163B03E42BC1C4B4671"
"секретка.png","D8ABBED64C7620263B7FA4E20367999D0EC7E7FA5C611D31D111ACD3D1CF91CE"
"cordova-js-src\exec.js","1CF1DFAE526C6BE2CFDDEBABCB821DDC2F77FCE36228D51EA4A37420EBE5D4F2"
"cordova-js-src\platform.js","89833028F58DDA9D34DBA705BD4D8D6FCA3AFCD01E204DC4A49F8C41867CCC1F"
"cordova-js-src\android\nativeapiprovider.js","6B93AB749D3A38C3C1AEFD24AF7258EE164A7DBD59126BE5EE1524951A1EA130"
"cordova-js-src\android\promptbasednativeapi.js","AF2DADC21DDB52CC372EF0AEF8DAEFE2648EBB225F492D01E54BAEA5239ABA32"
"cordova-js-src\plugin\android\app.js","0409CF6E37E6723BEE88C6C4250B3D6722137F140DF47F00FF0E91D6615DA04E"
"images\achieve_info_card-sheet0.png","4CA176788FDE5253DF6CE4037BBF894C28F0B040823CC0AB3E2803ED1521B1DD"
"images\achieve_rank-sheet0.png","F2377B27E0FFD301B22B9E98C847359665BF352A130F7792C7A54CDE0EC330DD"
"images\achieve_rank-sheet1.png","BCEF0D5B7653C93B8B9A011E2CB2B714A8314C3FFDBFF9D5E995B6D01FFC04D9"
"images\ach_24-sheet0.png","DE7E1A018DAA864DB3F834823F1F76FC26D646195E2DC168F9B5163D573B2C7C"
"images\ach_beepboy-sheet0.png","78750F7DD1F0F3D038DB1FD3036B59C6D32A398EFF7271E48AC85E7707D37438"
"images\ach_blackbox-sheet0.png","D026DFA6FF0475653727623456CED0EF6FD13D2F741611196819346CCB240ED1"
"images\ach_boomstick-sheet0.png","F7E65A37F801F5FF1636771F26BA97772631D593AF9DCEEB1F7DFB841D777555"
"images\ach_bow-sheet0.png","89C8F3C200AB07AA247A1AC550C51038523499EF7C10A7727298C6020A629B24"
"images\ach_bro-sheet0.png","8DE13FD38B5141C296BEB76E5ADECB3EAC11EE8635689831BA90193E495659B6"
"images\ach_builder-sheet0.png","E9B7FC87D3C49873318DE636C4BB39DF78C40377F209660665EDE90E6D53DE33"
"images\ach_bunker-sheet0.png","AF8F7F5B51BC8FA3AAA9F8091757D25DD0AABE884CB958EDFE8776B48AD259EE"
"images\ach_camel-sheet0.png","A7176D91E74D5D35A42188570AFF5964766591425A1305A9B541C92F532EDAB2"
"images\ach_city_counter-sheet0.png","6CE0410700D37E459BE7D35DD2DAC598E2FC010B00200247C46746855E8D4FF4"
"images\ach_darksoul-sheet0.png","E9D2707AAB83F9715216795A0D5DEEBB7E3BF26516149EB423CD0C3F90F6202E"
"images\ach_deusvult-sheet0.png","49CDDCCEF3F44FC295F59768A2AA117D00EC64A4F248784C3C11C9924059F6BB"
"images\ach_farmer-sheet0.png","F6E00D6114E56DBE607A15258E5585FAF1CA4E45A7B6E167B135763DFC4A6730"
"images\ach_gluttony-sheet0.png","E9B659015786DF6EFB67E4AA871B41F623FE8CA1663DFA90B9874850F5DC5E7E"
"images\ach_gta-sheet0.png","A2AB21358732650BFDB7F08E8713C790142A3157876DAE7DA832C139F6B2078E"
"images\ach_heli_counter-sheet0.png","0061BFB5A097E16CFBEDB35FE50BAE2C29106A4EA1203135D106C7F58BE8AED2"
"images\ach_heli_hammer-sheet0.png","F92F304FD59132517B9A8FA95F32860E7E15F69D3044226D38A8933C4721DE07"
"images\ach_hitman-sheet0.png","8ECE78D114C40B5274B05C8697D97B93172379556249C626413127EC0B569E2F"
"images\ach_hunter-sheet0.png","92C5FE33CD61918710E23EBA0C0A8DC29498953649A2C55A7738E030979C3346"
"images\ach_lumberjack-sheet0.png","CE16826786130F5A48789405EB3ADCD4D116A4A9A4F532BCC741818FE92FD505"
"images\ach_mtg-sheet0.png","BF6588DA7B4E4C387A11C3D74AD9112638E2DE39381AAD6E37E473F7E8CEDC5B"
"images\ach_mummy-sheet0.png","F99FADCF2AFD3807287924009EB5667D81788B2679467A1D23C0E82078EB87EE"
"images\ach_pistols-sheet0.png","55BBCD91FEF1C7A687CF38FC3A22037E567D3191546D7682EFE857097C8ABEA4"
"images\ach_russianmafia-sheet0.png","1295B7D0E0F99AA249823FEA71BC5A553309FC32B7EA4B3FAF5FE9950ABAE219"
"images\ach_shelter-sheet0.png","46172B49ED8DFA4248F397DA0C1F461413ACA3DBAEA1DCF3F332B4F33DEB36AB"
"images\ach_smb-sheet0.png","E2B3ACD2C1C0445FBFCC7EA510D099F92FA734DED5DD342B1F9C5A265ECA11DD"
"images\ach_stillinservice-sheet0.png","5E7CEE66F3EAB17E6D8F061530F0E246C747B3FF39E368051944B2F5AE454A0D"
"images\ach_survivegod-sheet0.png","0DE2F21B8DE5B8FF5A9F729FCA2A6C1576B983395BC5672D7C05875E5AEF40A9"
"images\ach_terminator-sheet0.png","F2328CD054619F12B52010570213BE08796F4692A2565F775FBFDBB47DD80F30"
"images\ach_tourist-sheet0.png","A6308803B256E25FA775FBFA70F796266B1514FE087CF650B94AF00AECCE1D5D"
"images\ach_untouchable-sheet0.png","9911C68FA580270407AD57E463EFC2F9C2478780B1609DBA94E56CB19FC861B7"
"images\ach_vampire-sheet0.png","BC9B7597A22F12D05D37054676471714D18124F8607FF292B857C9BAD486CCE8"
"images\ach_zedkiller-sheet0.png","5E0116BDE9256B831E981E9077AEAB84ED271A28DD6303652E190F104874BCF7"
"images\adrenaline_syringe-sheet0.png","44A7B79E75CD0D80322DF01AE337AB5228783D4D6D10F5A32ED5B50B80BC5F68"
"images\aim_line_1-sheet0.png","306D4BE42BC199FB00186EEF9FAE0FD7FAB10D0B4FEC5BB4BA12D2AC05C011DB"
"images\aim_line_1-sheet1.png","8DDD459077D3529D5493A88BBBE51B9CA5BC11D9F424BDB9E641C76134547E2E"
"images\aim_line_1-sheet2.png","CC32683C3AE2200E82AA806BFFF83AF6992B4E36DF5DA3B9BA188CF8ED1F3999"
"images\airdrop_box-sheet0.png","ADB2881A9F596BEEDD43625CDD7FF2F90F4FA93AA73E81970888E16FBE62C070"
"images\airdrop_box-sheet1.png","619C14C78B0A822A164DDD77E2BFDA92AC860A4ADF576ACCF01F84C784F6BDDF"
"images\airdrop_box-sheet2.png","E3953212817B95507C38FA854FA3B5E93394C717D777EDF94410E27BD0896374"
"images\airdrop_drop-sheet0.png","C7F7925DE14F5041DC86E09841CDA5E93888B49983237BC5DC1F356A4FE7D27A"
"images\airdrop_landing-sheet0.png","65C39AAB0F2C6A359D183F32F71E654CEC56D1D55B7E1F7003F30C5AEA563554"
"images\airdrop_parachute-sheet0.png","C72B0C4088AC20F7F0D8A19635EB08FDAB40B7C774776FE0629EB5A0C50D579E"
"images\airdrop_parachute-sheet1.png","13820C6FE172558186AF136AB21A18375CC70C4D27A58AB490AD3554C61C9635"
"images\ak74_rifle-sheet0.png","FEF8AA27519B21A80C8D3949B20D4DEBE9FFA0DB0A5ED528F1F5BD818CB990AB"
"images\ak74_rifle-sheet1.png","45B12A710AE683E144DCD73FFA2F5B92F806C14E457F556BB48A0A2CBDC4A735"
"images\ak74_rifle-sheet2.png","E80EAB71EAC20E967AF8B34A9B6F1FB28FC858A796665BB7854F4B7FED56F31F"
"images\akm_bullet-sheet0.png","E95DCE1887431F1E483A1A3EC64B9BAEAA6B66D956BC486EC346BDAE98068841"
"images\akm_rifle-sheet0.png","D95F8D8B7070A51B824E6B2B08F2AB066CD3932D43F9928EFD21035734BD81CA"
"images\akm_rifle-sheet1.png","D2C5A97E54C2A9CBB87A88DA3C799E09D44D79560D5AD60FEFBEFD21DBF09F35"
"images\akm_rifle-sheet2.png","C1CAC007F69BAA92BB68D27F0BFC70D319E2672A311F1AB696D4EBECC63D2310"
"images\aks74u_rifle-sheet0.png","60490EA44673B45C1C287672E1015013C1C92E852557BC31C1C947963D5E9229"
"images\aks74u_rifle-sheet1.png","505570304B5CE3F15A14181D647E2E4F3DE9D1DAD6B515BAA5EE8FE12050CE75"
"images\aks74u_rifle-sheet2.png","81F76D28D44ED0112BEDCD266CA8E41311A2437108272511C4D7E31833B70C91"
"images\ak_grip-sheet0.png","9D278DD2C2EC84CC69BDE61F27933010BB09F6E23E282338FCD427E213F07836"
"images\alife_marker-sheet0.png","C61D72E8DA87ED13B267A6929728AB2E268F4A2B49CEAD74EDDF8F405C069F5D"
"images\amenu_bg-sheet0.png","391FF046EDD26AE4D8F60C63E2EC86C18BD0D3AC3858F44DBF31956F1FC26306"
"images\ammo_12cal-sheet0.png","293F786E48A59C5ABE1E71FABC018777E3018006E17394AE46ABA7BA625BFACB"
"images\ammo_22lr-sheet0.png","2585C4DA1D5722380671060CB118504C30198AB13C66E8C4730099B6CAF92B61"
"images\ammo_308-sheet0.png","1B24DD805B05AC9FA701BA75682F5C3CF9837434A04D7CB51E2CC433B3035C71"
"images\ammo_357-sheet0.png","E7A727D86C81FB1EE35663963E367BEA5989F0B20A4F0DD18BE49E04C27B6471"
"images\ammo_45acp-sheet0.png","B6EC70113FA67AEF28FEF551AFA1F8044CE286D728865461D8589A458FE2B562"
"images\ammo_5x45-sheet0.png","B09BFE031590C80199E13AC7738BC082179E28C8A82AFE35E83A71704A56269E"
"images\ammo_5x56-sheet0.png","70A0F9182441D828B692B452765FF0332B7527BE62F56E419C3979A4629B9045"
"images\ammo_7x62-sheet0.png","F4CF0E0DDD0C9874B968CDB32800BD2C39D76588785E0C7305425040EBEB2258"
"images\ammo_7x62x39-sheet0.png","D253EA141EE109EE950F5713CD9EF25A98F332B2BCC951EF202EC1FC1619A67A"
"images\ammo_9mm-sheet0.png","F09612A445100D5D6B49CA5521BC5308C7ABD325B2F5C69D8926F8EBA78D4396"
"images\ammo_9x18-sheet0.png","87BB65891F0E503007834DBE663FAC446025DCF05D0485001AE724661304A84C"
"images\ammo_9x39-sheet0.png","E2377661A54A4EE3CDF31584602C36223CB7957043D338D35766438CEAA681BB"
"images\ammo_count_inv_bg-sheet0.png","4D5146060334A710CE7125824857B8112E354033DBFD65EE1F4F8A5E1B532032"
"images\ammo_gp25-sheet0.png","9E64D23127CC9DBC2E59767FF3D98918198A7F49E0A56EAA1B694F612CA89448"
"images\ammo_m203-sheet0.png","1DFD6C7809A0429C1433414F58E56644778FA2ED85047E2C1EE43B166E41AA99"
"images\amphibia-sheet0.png","7C8F5C9BB56E3AB96937995282E9ADFCED37C6F81D254804B8E88F394B66536F"
"images\amphibia-sheet1.png","29837D4BB5F5BB8744C181CD68D9D8C9847B8841FB7042E971C6A24D9A2D7335"
"images\amphibia_bullet-sheet0.png","8BCFB9574C8A8FF998FE7938BB7F9FF924323E563CD3EC4AAE014B8AE9F3A069"
"images\an94_rifle-sheet0.png","D4B6EC7951ABC55FE285C7802E164E2AE510E17FD20C3F5226FC329DCE885836"
"images\apple-sheet0.png","33D5F4BB29FD6FD294C60FC745A014DD93CDF27A68B78CAF5920C63ED5BE9D37"
"images\arrow_bullet-sheet0.png","8A0B61B443BB5BA3CD6984220F37219B8F63F0776F357197A35D1491785FFDA0"
"images\arrow_bullet-sheet1.png","D25D3E94A82BD980BBF8E0C8AF6A8DF7C3F4DE1C3D99640163E14855A47873CB"
"images\arrow_bullet_c-sheet0.png","BAA5937806E781F5A17C583C0A13BD37C497DED2182B3E0C6A16F3D12819D8EF"
"images\arrow_bullet_c-sheet1.png","824B15BF7C89C9306F1BD49B535A6E58B2416A74B6D44A3FE401BBF7ABEF3A0A"
"images\ashwood_stick-sheet0.png","59FB6A440D87AC7ED79FD7A201355713F64C2EF24D522B3AB54D63BA242E415A"
"images\aug_rifle-sheet0.png","9130AECC2B47EE7E5873DAAE3EF56F3117CF50E12C592E35DCE9E532894CD5A5"
"images\aug_rifle-sheet1.png","2C9FC598DB55BF216BE9C17188F60925BA5DF47EDE7F5327F67EF071F7A800EE"
"images\aug_rifle-sheet2.png","5CC41CBABD62E384ECCD0914E9195F94FC42CE30CB62B9DB81768CFF32C842EC"
"images\axe_red-sheet0.png","E89DCB7B0900B9F20E1DC9192E41CC9830398A33B20BF384B83BF587649AB071"
"images\balaklava-sheet0.png","EDBBEA3FB3EAAAADB1DADBA08C2EE0D2E2374235F30D262EC00C2CC68EFA21F0"
"images\balaklava-sheet1.png","314F03E2086E07B8B56567D4318AF3D81CC3A97DE95735487D7DBD257DC5A79E"
"images\banana-sheet0.png","8CDB72445988060C8C1E27130413523C239879C3C7119D5DE13CC5C0AB6E19A8"
"images\bandage-sheet0.png","9AE56D6248EDCECC8F0793DD587CB5BBBFE81D31CE1518B8D25F41EEC0F3EB81"
"images\bandana-sheet0.png","6E9B48BA2C809528ECDFE847A756C48ADE61FB3466CE43F59047F562FA87F141"
"images\bandana-sheet1.png","4671E40EC89B8145BD02903D9EFF8EC0E752E01CEE4ED49358CF922894145851"
"images\bandit_dead-sheet0.png","44296B7263ADFA0179633AB14C8A9C8D128A748C332049C6F45C5F13C5596CF9"
"images\bandit_skin-sheet0.png","6BF983392A63C788CAC32D541E6C74C6BA7DA6791FD5FEA7580020EA5193FF61"
"images\bandit_skin-sheet1.png","A4A1B0D0013E247CA5A81C562D49BD3B951C1AE640D9C95B3358BD0D8006D607"
"images\bandolier-sheet0.png","2F211AA776E2A5F98A9908AA1279A5465A28AB2A00BD5698E8E88FC0BCC3BA4C"
"images\barbedwire-sheet0.png","2542DDCA7AED96C1A42BF22A4C032DD8807C0A987CEA8F368665D7BFF77B56E0"
"images\barberwire_deployed-sheet0.png","1C76F6176CDDA58777F712EB4280CDB9B4625BBC5A28554A0C6C245D40A5EC32"
"images\barsetka-sheet0.png","A729BA7905F8EA45CCB39DD725AF57EE8A8EE851DF159BCD223F292BB0E7655F"
"images\barsetka-sheet1.png","3DC5CE02021C75DB10B135ECD3EF0424C24C50E9606133508F13F8D490CAAEF9"
"images\baseball_bat-sheet0.png","26FA1BCE336893E03C4C48BE25D333234D37A81C5EF52FF3469C1B16747E6E2D"
"images\baseball_cap-sheet0.png","634A7776ED6A9BFA35B0FEDDE5D0203BBEC4DFEC85A1D1B289200D49366F04CA"
"images\baseball_cap-sheet1.png","978AD19C3C46FD18363D707C94E5B9D155FD6A670F7124714BFD35D14FBA8A2C"
"images\batteries-sheet0.png","040B83A84018417015AD75E14296CFD3201463BA0EBA5B2F325DAFE52F1E4C49"
"images\beartrap-sheet0.png","904D66EE6A7FD39033D04028E8B6F63ABFFBAEDA35012978DC578EB0AA6E7AA5"
"images\beartrap_deployed-sheet0.png","AABD2D1CCAB1E279B63B037FAEB094895F3E13B6CDBE1D6BCA3AEC653C4E1C44"
"images\bed-sheet0.png","8BEC6B0F0419968A0B9F25EEEA2EA4E8D6B0D0DC31F85482D61DE8746804670B"
"images\beer-sheet0.png","5596747F54519782AAC66B4F87D521E814B5F7036CE3F00E8F8562877FB7BD58"
"images\bell_pepper-sheet0.png","68C311A1C8EDA8B913E075216A539D1A1B695296BCDD0677A88918946F0A51ED"
"images\beret_red-sheet0.png","2D714FE6DB4C8C41A2C83B247BBAA160A6682E607C8738F0ED17AC5391726FC8"
"images\beret_red-sheet1.png","7A718E22428331D5DD9545777F23E1D5F7D0E64F7BAD29689D845BE46B90D31D"
"images\berries_black-sheet0.png","EEF6CD1DEDD0AB64D427E5898645D8DF5ABC67F8A2A377832A0D84CA8180417D"
"images\berries_blue-sheet0.png","CB7C917B749D6998218FF60DD4F183FA2DCA7318159188519EC866040C7A1F3B"
"images\berries_red-sheet0.png","164319575F3E7711E19C00C5B5A3D41BE80C470EBEC71E9B465BBB2A91A042E5"
"images\berries_yellow-sheet0.png","DC5E5A02DA15F9DB61DAB830BC00F1E8F51CBE4553768893C36AAE63D7F492A1"
"images\berry_bush-sheet0.png","72CDFEC6C0FD74DA3CC5A8CCDA874DC7528461534D507209C799870CE0FB6767"
"images\berry_bush-sheet1.png","4277B6B72157A87FE45C7D94680071B1146C8EEE27D0A566F7BC573C4FAE5DCA"
"images\berry_bush-sheet2.png","8CF26CC07A5DBB45C503C87037D4BB5B1AA0ED41A528EE0335F31813FE14B597"
"images\bg_button_perks.png","A3EEDDA7D14FBA06C92BDF5494F8A7184C745C3459AF22ABBB06D0C77062AC63"
"images\bg_paper.png","1A2819DD88CB7374B0264D1DCDC0D8D2E0AF99E6627D4D5634D088995BA5F549"
"images\bg_rust.png","A2BECCFDB9AD04AD54712430BAD87C5ADB46B33CEA18908FA591D934B53F48F2"
"images\big_obstacle_base-sheet0.png","0BE15DF62B8A442FE573F9DF934CBBB350846746CDB56ABBC44F6A3D8B48487B"
"images\big_obstacle_base-sheet1.png","511BB3C6F61B00D672D7961FBFFD1797D4E81D57A2DFE5667AFFDF079E87A5DA"
"images\bizon_smg-sheet0.png","60A4F791803D165559297284443C484233DA0D308AAC737EC2AEC04F995E38E3"
"images\bizon_smg-sheet1.png","159A94E8F69BFD2C58F4F83A212D9D63D9E45AC5E19072CB9E30452214CA7A10"
"images\bizon_smg-sheet2.png","99AF94159A219E2F9B6BABEFE3E2AC967DE7B920D45805E3897FBB339EE1F70C"
"images\blood_bag-sheet0.png","DD265F6492FB7B941B00B74BD15BE9D17B8192D266C31B68F8DB8F38FFE7C519"
"images\blood_drop-sheet0.png","0C601B3020789BAC45BE45046F01A825AA7AB124F5AF73202BDE41F76522F422"
"images\blood_drop-sheet1.png","0DE5E54BB65FBA9196DDF645C3C4C4911938E7F3B09872630666DDFC92F684B7"
"images\bm16_shotgun-sheet0.png","741FB560FB6BC0AC7DCF516C8850EE94182FBD325EB174106E7E6CCD746D3AB8"
"images\boat_arrive-sheet0.png","A387A6AF8F472EEF8A63687657323BDCE1E214C37CD22990FFFBC8AFCD6AA928"
"images\bob.png","7EF83061E477888370BE7AF27669CAB106927EBA9C7672335B6351983A908074"
"images\bot_bandits_controller-sheet0.png","53DA4732436113DB1803FB6FBEF71643A858FA0E069D678875230B8A5176C8BC"
"images\bot_bandit_melee_marker-sheet0.png","B245F9686B0FADB57972621EA2C296F2E51CD28129996691FAF063729C1B4889"
"images\bot_bandit_melee_marker-sheet1.png","82759807610BCF950CDC38644ADC967D6463BEBC637763C021BF8868372BAFA0"
"images\bot_bandit_team_marker-sheet0.png","54E1D236DCC324C6EFC79EDC656653CD18D75F2DAB1470F75BCE6E99DAD2D86C"
"images\bot_bandit_waypoint-sheet0.png","C566C38BB192C2CF558F0C26603BFC3F375186C9F97C8E760C5D4212BA6C2A8D"
"images\bot_enemy_bandit-sheet0.png","32E41E5630E8EE6EB9874CC7A786500F4F0460135B56943E087E4B337B35D121"
"images\bot_enemy_puncher-sheet0.png","414642AB4862B308DA7DC3636D929622489C453E15F6131C4D78D10B5A5B6396"
"images\bot_enemy_shooter-sheet0.png","63BE111061BE900C309290A7F90A4285729FAD3A0DA245B742BC465EE567D222"
"images\bot_enemy_teammate-sheet0.png","503D2F563A4FD93923DD1F0D0CD664B16E5D5C60864489F3E983355D00E0FB56"
"images\bot_firearm_tour_point-sheet0.png","F4E5F66C16607F008D47064CD005124D8D25A36260C211D189A5BB2F806F331F"
"images\bot_friend-sheet0.png","8964DA046EF38AEE868086050209D98B148EA77365915E6A1C2B1190CCB69906"
"images\bot_friend_point-sheet0.png","09222CFA8C39CF3EF00C26ECBF90370D48C3C192DC190E3E383106017A7980CF"
"images\bot_neutral_marker-sheet0.png","1049DEC23C13D81D64CB9C3FE0603B55258C445022F63C76FF657D94A8FAC4FA"
"images\bot_neutral_marker-sheet1.png","C7A020CC1599E9B755369ACE36F7975FD4F089E912D7039DD48CBDF4FC078B14"
"images\bot_puncher_tour_point-sheet0.png","1CB212697E05022C8357E554D7D89BAD1E5AD49203AA17586C27FFF80AB18010"
"images\bot_respawn_point-sheet0.png","17301383BCD0148CC5B16261A5035E2ED5C97743E91DB6EF8F323B10B9A75729"
"images\bot_team_controller-sheet0.png","CC556E7B2E1440FCD2B68F0525239D4D4CB99AD3218CFF402F0AB2010CCCB444"
"images\bot_team_waypoint-sheet0.png","E55AB408DF3F19C682664B641E0D6A062B481304F606C57E4E3ED18A3F4E72E1"
"images\bot_tutor_1-sheet0.png","AA85086D5875F83D37127A45F9A6B01DC4F1F0C968DAFF3DE313AB75DB2FFF28"
"images\bot_tutor_1-sheet1.png","BEE234467386E795F332AC6AC8AC9942C7F3636B9DC32982B5DD0CB9A452925C"
"images\bot_tutor_2-sheet0.png","D7C8183E42EFC8850E5AFF9B07396CCA06270CB2FEC3EDA476606A0D8ED1C17D"
"images\bot_tutor_2-sheet1.png","4285E43EEAF825068ADC4690D7CDFCC530FBDEB862D1B40C8C69FED0D50753FE"
"images\bridge_bg.png","42280652B159BAF6C3908A3FD4C3E290C0BB4A8C191C3CB10D37899580C27B96"
"images\bridge_exit-sheet0.png","82C336BB5806C569720A2FE2A05B0C98D942469512D1838D1164E139810A9497"
"images\bridge_exit_area.png","25010620C591279B23040F3A702E0571AC049954BED56F44343F0499C2BCF618"
"images\bridge_piece-sheet0.png","582DF5953A5A7034C7470774F48669C6430C5BC597FAB15AAA3FEE975127C9A5"
"images\btm333-sheet0.png","1D8974085573E9257EB6DEBAF9FDF1FE28E034FC0909A84D7C8B2A74936E05FE"
"images\btm666-sheet0.png","06C1BC6D26845FA16A4EB332CDC519EE721925D8AEBAED66CADB073D738A4CB3"
"images\btm777-sheet0.png","6E4FBBEEA42F89074B6020D3CBFCCA71FAD35B34612FF8DFA04DE64287CD9AD3"
"images\btm888-sheet0.png","CB283E736F5493CAC59B66A9182191A6A3538CA1221A16C77C0165FC46F09AE5"
"images\btn_restart-sheet0.png","AE83D5A45C3D7F88949A7DDF3390D8A4F97B17690908B41B407C5812785D1915"
"images\buddy_marker-sheet0.png","E92FA1E143EC23D0CD5492A0DC65A1C2CA5B13B47181EA76EAD8F5E278BF2B8B"
"images\buddy_marker-sheet1.png","3558836CFF33ACA5AB785E7FA3F9204B994B877850A6D366C94CA5CC7DA79E8A"
"images\build_ghost-sheet0.png","64CF5C1348D2A347C39C5E81B20E131BDCD92C4657824FADC9EB9C351E48018B"
"images\build_ghost-sheet1.png","ABE44B192443DBCF135CC2CABC915864331E2EB1DBBCFCB1B057D5F90BF3352C"
"images\build_ghost_obstacle-sheet0.png","D6C2E794ECA5A0F9CAC9C5D6255B8496CFC75D508942A3A0E669AC9DE70FCD5D"
"images\build_ghost_obstacle-sheet1.png","484E8D321B597D771BECE4671321FD906159553E687ACDA0F255B79C624C2326"
"images\bunker_crates-sheet0.png","5AAAC0C527993D6B91D3A23D7214F39FC457FBCABE88DCC17FF12391AE5C2BF4"
"images\bunker_door-sheet0.png","F90D2DD7D6DBAA99935EF484634905FC6008D61F85862AFD8556767E49C72DAE"
"images\bunker_entrance-sheet0.png","04471309D49D52FEC8ADF9D4BB559C2FB90DA65048D3E06E7932BC3AF82F6953"
"images\bunker_evac_elevator-sheet0.png","961F0561353AEEE52F5417F1D34E09730B475B2EF37265DB58D04B218246E5DB"
"images\bunker_exit-sheet0.png","1B77DE6E0E56A6671F04FD6F6350E27864AFAF96048B2B2D3018CFC93D80345D"
"images\bunker_levelchanger-sheet0.png","817EEDA3EA11F649AE2B8A6BF4011A55F37CD63EC457A20FB1269F91ED9A3FE7"
"images\bunker_lootbox-sheet0.png","6BE5F407206355FC1C94A5A92DEAC62F007D2FA77C06DB72A8309384DD47A0BE"
"images\bunker_zed_spawner-sheet0.png","296FBA8CD6FFEB6E00E84B1B910909D1BAD73B7CE2E6D166A68387E1F1C85416"
"images\burplap_sack-sheet0.png","58561EDFF2E75E6A5132A53F722DA3EDE6F9ADCBCC82E08DC90C71408176EF61"
"images\b_bar-sheet0.png","DCA4E6DF144404BA857A03FA77D958DB6F9CCFB86CB04738BBDFA42BE6CFDB31"
"images\b_bar_int-sheet0.png","B71745D58104F9D88480173A0ABCD95E76CEAD2F01B50D7942193030453F4737"
"images\b_car_bus-sheet0.png","2EAC9C5DEDEEE2D6ADAE980B1B69813722C9BEF7D1C5E283C08A270425D5DCCE"
"images\b_car_bus_int-sheet0.png","C716A46E8DA3E3D14CCC13ABB6E92A7052554D22202AB4C2C4DC8297F9080E23"
"images\b_castle-sheet0.png","411691B511622A147232ED7AB2759269263F52BD2A2F6AA645AE7B4E60391ADC"
"images\b_castle_int-sheet0.png","4A3F195A1B569F1841D211AC2A5D6B1468CA6E0D15DF345A2E07B9145FB642C1"
"images\b_church-sheet0.png","190CAFB3D469BA55D6DD0820AEE78CE31E51C88B73583040BD25C92783EB7A51"
"images\b_church_int-sheet0.png","E49FFC5411C746416E09F069DF8573E2F915BFF4BAC3383417143BAC84FD8161"
"images\b_city_house_1-sheet0.png","E1AD1926EBE566E3287F491097AC06F84CB0393585DBD959C09CBF501757A9C0"
"images\b_city_house_1_int-sheet0.png","DCE51E9C3952B293A339BEE823C6AEE486C6E2A3A3D5A618309E3B5CE0F2D03E"
"images\b_city_house_2-sheet0.png","1A98A9509A605AFCC7D7BE3DB2121F875970F2574B01E333A050D47ADB099494"
"images\b_city_house_2_int-sheet0.png","37174C43B336DA3759E1C596F58D56F9EAAEF5D1D718FCD6D3F9292FF5DE7EDD"
"images\b_city_house_3-sheet0.png","1E7D9EE85EFF48FEB75B42EAADA20DF66D1D783346914C8569ABA8A0F8777AB0"
"images\b_city_house_3_int-sheet0.png","37C5BC693CB83F5F68D4116E787E6C4AA774D36C8411549B448E266AEE9A3B6A"
"images\b_city_house_4-sheet0.png","3AB0DDF7F63385F53D5F49AB2721B8CD61E5AD26EAFAE813BD7160AB9BA1DFF3"
"images\b_city_house_4_int-sheet0.png","594C18523EADA37238459AE96E3893D06D6EF90112B26B53C699AE694506610E"
"images\b_deer_stand-sheet0.png","4B547FB8658483CDB9F1F098E1DF41C65B860928B41DAC3F954D69AC163A1D79"
"images\b_dot-sheet0.png","214FDBDA8AC763B6A078AA09B32527BE20E43B17C483E09EE1605ED1B92942E4"
"images\b_dot_int-sheet0.png","B601B1C959AD248455BDC16AEAA78C82D8FD488F86805416791A7F0BDFEAFAC7"
"images\b_exit-sheet0.png","8494C41C5B3E26597936C7C66924E963894B93BFA7932C049EF23484052EF3F1"
"images\b_fire_station-sheet0.png","D3DA9E98F4529346B21C3E5382A558DB937B31718EFC96850C90398AC88DD199"
"images\b_fire_station_int-sheet0.png","2DA67F673265C6DEC24D8D877898D1D02B21120B56F8AB765F72F1DCFE2398AC"
"images\b_garage_blue-sheet0.png","FD22B0E821F114200F9915B9709C7CC06938F9040725FEF6E8A71C960FE0E26E"
"images\b_garage_blue_int-sheet0.png","ACA36B140237D2806B45AEEE0A91C8A7BAFD1FB62787158036BFFA5DC93C0620"
"images\b_garage_brown-sheet0.png","038F2E8192D9AA7FAD1F0587E1D31509F3594393332A2DCC2BAB4D8A5EBE7EB9"
"images\b_garage_green-sheet0.png","069B0DC489C80D6E115727D403A9E536F87D7DC6628CC5D2364DB691BA45D5BA"
"images\b_garage_green_int-sheet0.png","D63293BAF626BE8DBDE634FAC30EEBF07A7F0C2E8AB070AF8BFEB02407B11661"
"images\b_gas_station-sheet0.png","DEA068551C969B3BC109DEA19676FFA332929E91F4CDB62A0FD5C4FD76974F8F"
"images\b_gas_station_fueling-sheet0.png","9C10EE2B57E64E16A2B2EF1182EB3B76D31FCE2B3DE9C67454C65DE2629DB0B1"
"images\b_gas_station_fueling_int-sheet0.png","3F30DD2FC61EAB451B6BB59E49CCB0E29489189484449F89B2CD11DF075FD41C"
"images\b_gas_station_int-sheet0.png","29F99CC1F946422363EE639F401EF1080CB4EDADD4F0F05A8A31EC959E879AF6"
"images\b_gunshop-sheet0.png","42017F7015439B5428160116496DDAB9B271628CEF6B196D18AD2EF84D1E71D9"
"images\b_gunshop_int-sheet0.png","1E64459B1D90609F178C1D78C358EFB7E6A3F140F77CABF36B5CE20394A65862"
"images\b_hospital-sheet0.png","E7615F033C56EDB31F42648DD81E537CB7920B784F41DFFB37E0F997DD929235"
"images\b_hospital_int-sheet0.png","A3A72727111369094182A6FA68E211440311C118D19515C14E85C2FD2A36E54C"
"images\b_hostel-sheet0.png","D68B5ABBEB490ADF5EFF6D62F14CBBDAFA28DFE29FC7C97E529C59A7F8AE5B42"
"images\b_hostel_int-sheet0.png","69EF95B225C1A6C37B7DE55FF247DA4B49DA2C9A9AE93B5B716DF0194A48DE40"
"images\b_hunter_shelter-sheet0.png","884781F96294F5B8828F1462EAD0338318B51DC24E36C0336D4028AA051A4AD3"
"images\b_hunter_shelter_int-sheet0.png","1F45C22091376CD989EC35416DF8874AFA38E730C318AB48D265382E8697BACF"
"images\b_military_barrack-sheet0.png","878BD253BB77C0229155FCF046A71FD85F700CD08792641D2A48F475C68FAEF3"
"images\b_military_barrack2-sheet0.png","367CCA523300021411D90027B63A0F17C8545407298D4BAC94BB4AB3F9EFBF94"
"images\b_military_barrack2_int-sheet0.png","D32D5E8C677A21AF261623876D2DDC86B867C1CDAC0DB09BCE9AF0B22B440FB6"
"images\b_military_barrack_int-sheet0.png","15EA2D7C14EE5F8B26B841E02F7186FBB79AF77D8812209B227380A5CD961714"
"images\b_military_shtab-sheet0.png","BB33C30AA91B3026033812C5ABEFBCEFFC3CBEAE73F3023CF41260B7806D729A"
"images\b_military_shtab_int-sheet0.png","59E72553F0AA6DD167829E8D7C6926A11C80CAABE9F984CDF1D62B9F07AD5CE1"
"images\b_militay_tent-sheet0.png","BDA556638B527033BC331F700294A514AA68B76D9BA2944C10DF21D21946287D"
"images\b_militay_tent_east-sheet0.png","8CB4AA48D640F6AC5D349AED4DB70065E8D0032B3B713631F7BE44188828E20D"
"images\b_militay_tent_east_int-sheet0.png","641859B603F4BDFCF951D33891389909EFDC430108FF7DC150BF5E7A85EF5262"
"images\b_militay_tent_int-sheet0.png","CAD2C0E0AD1765DD219561118B3B97347E18A813BFD2881C57EF31B9D25C7935"
"images\b_piano_house-sheet0.png","90B0CE3929B57E32CAED379F23AB94A15291CDBEFE539D5B45F7AA70B27DB6F8"
"images\b_piano_house_int-sheet0.png","4C829A509382B71531627C55A4CE1D97CAE0EB19DB4CBC3FE28273130DF4BD60"
"images\b_police_station-sheet0.png","BE4C05690FBFAB2AB82ADA9AE5B1CCDFDB7B97A4EAEAA86AF46054E45BA3E449"
"images\b_police_station_int-sheet0.png","FDAC8CAEDDAC7332A8B55B0DDE6F080E3AD73CFFA91CA30C2A4917213AE0CE5E"
"images\b_red_brick-sheet0.png","B11D67916BF62795EB7BB70E2BA0E1550B1F1617321D5BD9E27646C4A10C35BA"
"images\b_red_brick_int-sheet0.png","639A54AD7167E298CE0BF67F9C40C4958D2CC94CD1E6793AB581FC8F9563865F"
"images\b_school-sheet0.png","3791A27D61CE478A0592FBF8F3DF39519F690FB36F95C74BA1A89AE1491EB4D2"
"images\b_school_int-sheet0.png","5D1B55BCC2B9BE26A2BBB67CE4E2A92AB1C07AD38CD9F46565C00F46F0A3685D"
"images\b_shadows-sheet0.png","0001B998F22588F99D09A6C7EFCE4855A37678F3AB7DB146E286146E96236D7A"
"images\b_shed-sheet0.png","334A00711C196150C2BB56E08BA5897D08D26D20025346529CB8AA3DD7D140AF"
"images\b_shed_int-sheet0.png","0A381932B17FF1033C6B2E544947C1F0DBDD458AE2CFF30DB622E68D43526FC9"
"images\b_small_shed-sheet0.png","E656C727E0F04822419110343AB02585AFC947C03FA67E58DF9DA33A72FB5194"
"images\b_small_shed_int-sheet0.png","2443589A232EF4EDF59D2F9EC945E7F1F1FA05CD8C039F983967397AD2FCD364"
"images\b_supermarket-sheet0.png","B569921E6D60FF2AE47B5319316FB5EC370166C1895B6D5E97083E976095670C"
"images\b_supermarket_int-sheet0.png","96F3CB44011A28BD749347AB514885D130B413327287848DBAD904B1BD190317"
"images\b_village_brown-sheet0.png","F09B803D133D96D0363662E9DF9E5BD30E629C851C3A58F56F9F09EBCF8C436F"
"images\b_village_brown_int-sheet0.png","FFE62D1ED7F42E31B964CA6D94302A9746607D8CF447BB225357EB81F3D55FA7"
"images\b_village_green-sheet0.png","8C1BDBC72256A60A1C12F31E1B9FCF681A15D14A896F1A2BB6A34AEE2EA85221"
"images\b_village_green_int-sheet0.png","10647A0DF3F862975825E29CED0430000AD2AC46C6F227262189D6AA1B9D0A91"
"images\b_village_red-sheet0.png","BB8177402D8A1B695E04DB70124B3B7891765F2823CACC191C5E6B09435CCF3B"
"images\b_village_red2-sheet0.png","EFF11510D2559E0BEDD75680F7F30A594881DA5EA65EB68FB018260398708A45"
"images\b_village_red2_int-sheet0.png","A22608121015DA16DEB244212839816D66B3E562FB761DE46C08F86606C8469D"
"images\b_village_red_int-sheet0.png","002198EA75BBEC9DC403EA8488017A02104344D905AF4FF7C8E17C024945C802"
"images\b_village_yard-sheet0.png","30DCDAA006F8C1EDBED764EAC589A3B85F2473CDCB05D3AD52F4787199E51674"
"images\b_village_yard_int-sheet0.png","79EAD8EC49BC0DA19036F0F62D72355B7C27BC4ADB0243418E743F0A01D83F99"
"images\b_village_yellow-sheet0.png","84DE8694B95704F17930A9A47BC53C2E78D27A54A6F745464C89F22B7190C75C"
"images\b_village_yellow_int-sheet0.png","08E2E89611D2646EB0B47AE3E0D080E179ED12616679CF1DAE982D76B67D28BE"
"images\camera-sheet0.png","BBFDEE474C956E763A5B4F67AA7104010140B2CE472523F4A540D111D5D8698D"
"images\camera_aim-sheet0.png","8223C707E955270CC04701B4807FE40ED53EF8BE2FDB84493660E98FD620C75E"
"images\camera_menu-sheet0.png","813B0A5739C884A96D00073EBD402BC4CD209E5958339D71C4BB002F03E2531F"
"images\camera_waypoint-sheet0.png","16BF3AD113C0C7524276EC05051A9ED24C1D7E8D3C146E419099876C2FDA7340"
"images\campfire_off-sheet0.png","92A492E9BE1245A5EBD95E4529C47F2E666C4DE4119FD18AF0985ACD263C9051"
"images\canned_beans-sheet0.png","9BD0BD996D33CCE6895F3E158D09E63B71D9B658023E962866B87AAF0799920F"
"images\canned_tuna-sheet0.png","163262EF9BAB95B8172968A6360539BD2DB7CDD699927ECF9CDA2BF8B4BE707E"
"images\canteen-sheet0.png","D93238914B8D06CBCD96FFACDC4EF1AD5004C457E335952477729A61ED559AAA"
"images\car_body_corpse-sheet0.png","88E7DC03F6298BA4FC27C9BDB900C8E71B5F25F852BFD00EE0A3B55C07535130"
"images\car_btr-sheet0.png","73306428C4642CE6A2CDE7044B9E15ABBCAF06CCB2ED5956E3BD3473DC3DC104"
"images\car_btr_anims-sheet0.png","56DD6B549AA0288E2083450AC68C5A88341A2279B4D2F56647F6160839975F36"
"images\car_btr_anims-sheet1.png","E6E00E6CAC2455AA44A2993D5553CBEF365D2489D22600203AEE18EF2A4CB225"
"images\car_btr_base-sheet0.png","18A6FAFC07910B753F1AFF1F95687B2747DE6D141854CB42B7F66DD03318EE96"
"images\car_btr_gun-sheet0.png","91DA37556D6A1C3475F0C8071072FF4D89BDEAEF450350F3C6CE29E4451A5657"
"images\car_btr_gun-sheet1.png","5B793E0174EE7FB8FD6B418BCF1EECC80487B608FF5C7A799BB3294AA8DDE958"
"images\car_explode-sheet0.png","574AE35F6EFF957C46D0C76676C948225DDE5692F3069E661554D63A75FB8D05"
"images\car_explode-sheet1.png","1A0658FDD67BC3388659C325B52D71EF0DDD8104E164AF436EA66D6A56145FA2"
"images\car_explode-sheet2.png","10F461219E0D7E2D10757D097F59EF3EBA1D3CA3475BEB690BB037C81E995DBA"
"images\car_hammer_anims-sheet0.png","0CF4ED58B2E966D7958B773F94F2234AAE1D8276634B448DCC1FB1FAA6CEF9C6"
"images\car_hammer_anims-sheet1.png","493EEC09DD535AF750D59DA41349CCBF6949D50F833447011435787A5B92FC65"
"images\car_hammer_hmg_anims-sheet0.png","5D6DB98EF5ED7A75AC4B699664CDEEE1CBE1EBF5A825EB26D6BE55DE14E7AE7A"
"images\car_hammer_hmg_anims-sheet1.png","11A3E749F485A5AD8A90E7C2DA086EDAF5A4991BAE1E3BE00F5DE9C806B01924"
"images\car_hatch_grey-sheet0.png","48D7DDF053AFEC167116A45F373AB475E596CA80AA14357EC423A6F2151F4994"
"images\car_hatch_red-sheet0.png","1E2C943AE3D7FBD38BA8CD11DCBE7F2E465C27A66ED99776A25386AF3E4631F3"
"images\car_hatch_white-sheet0.png","1E4B3B620AC383C274C729C77B5A8A14E1B10598E5C1C2757BE61C2FBE43B13C"
"images\car_light-sheet0.png","C133988902078CB179CF228401E4460B5E663C51DBB52EBC416C529152328365"
"images\car_loot_point-sheet0.png","F1CBA682FDD6C58F4DA5959D62778C2232117FCF5452A9EB1921BF481944698E"
"images\car_loot_point-sheet1.png","A34472F7452D8A0110935002CA99825734CFBCA9F08B3430B99CCBBCC4C83F63"
"images\car_police-sheet0.png","62B1960F55CFC452485871F623C2476FA23B46D557755B09F458D72405BE2D5A"
"images\car_police_vert-sheet0.png","9E1DA5C40E6F086EDECF3AF59EBC21BE0E37FBB9FAABD954DEA0C359DFA94F5B"
"images\car_regular_blue-sheet0.png","F73E3E2D0932FC29246E7F41051A4BAB3E373134B51CF0A41DA3B12F0EDD710B"
"images\car_regular_blue_vert-sheet0.png","C144AF4A266DB5520D2EA4C559140DF0F342F7452FD8B7BEB80769BA4438275F"
"images\car_regular_gray-sheet0.png","8538A21AAC2AA4B6506C75D7E755A4E5E78307D543E1DB831F59603B44F87A40"
"images\car_regular_gray_vert-sheet0.png","986A20BA69DA508736C433C41145466E1624CEA0CC2D4E327DA1EF823CAFD5D6"
"images\car_regular_green_vert-sheet0.png","B093B7DF22345E12ACD4EFD3CF50F03FAC9A6C00A556DE0AA3F4CC38397C671C"
"images\car_regular_red-sheet0.png","E97435B4F6C33233645E57A080E6E3D7E8BB7B30B162C8C835FACA8AF605968E"
"images\car_regular_red_vert-sheet0.png","5C63E63AC308FF1BD275713CF112F4623D57EDDDB83012C7FA18EC25D0657C3C"
"images\car_resp_truck-sheet0.png","72B8E5B7D029407838212890F7858DBF907360F045438408A0579DBC7FB5764C"
"images\car_resp_uaz-sheet0.png","37995DEEC7F552E10602B9C0273C78371E6388A397674D7E4B453D089F299EBA"
"images\car_resp_volga-sheet0.png","58CEDC71EE5603CB3F3BDEB24C541CF4C0638798F01E33B218E6B52A3B7155DA"
"images\car_truck-sheet0.png","FDE571CB8452029C6DA6802D21DF8FFE987EA1F0ED0FEC27E4A97222342E2C81"
"images\car_uaz_anims-sheet0.png","474B078110733F81A64845C21C54BE54D6755108AE513CCE19FEB5F490EB907B"
"images\car_uaz_anims-sheet1.png","21665F73E193EF56EECDC42BBD35F6AFF2BE67A054002C826916ADC88156A737"
"images\car_uaz_base-sheet0.png","AE1D8109B361E550585B6696DBA566DA0525FC8698F3B04F3154A728B522F6AF"
"images\car_van_black-sheet0.png","33D189093434D6697A72CAF3C2194ACCF19E68D69DA2CD9017B4F7BEF03ED066"
"images\car_van_blue-sheet0.png","3C212F9A28A8850098C2F3AA6C04C976458E5595186AEBED9DC59D5357F92C61"
"images\car_van_red-sheet0.png","9F3E1900DEFAF64528E7F354AD453918BBCCD4475C25F0DF9CFE744BF59C231C"
"images\car_volga_anims-sheet0.png","ECE5D626AA2FD3F19D3935759B59825DC1CB35491705E88042246503B8E027FB"
"images\car_volga_anims-sheet1.png","F5E5FD3EFF8D3132F375C050D7008947525F359CBA005E41A7C2B21AD0779D41"
"images\car_volga_base-sheet0.png","432D1AF9D42C7B3F5ED157117DC5C4F33192A5F0C56C5DE963D8B0417E21E9F8"
"images\char_select-sheet0.png","94559114F794CE3CBB33623E193EA98D92B3456647F8C6D9D8A5DC6BA47B117E"
"images\char_select-sheet1.png","6EEB592FC753DB3E4952E9ED3D0978BDD48A285DC3BBDF6D7F9E6BC3EC9284E6"
"images\char_update_ping-sheet0.png","4D83EF98610AFAFB2FF136EAFAF606E2356F8D4C91AE8611B390E16258F02CCC"
"images\chigur_shotgun-sheet0.png","09D7E80086EE08559AF581C3B48C05BB573BBBD5B5E8AEF934BC440C184F14B2"
"images\choke_bor-sheet0.png","05ED5A102C79369396CD537EEB0D5A9C57F9B4FF5D2E28612E5D91B00BDDADE3"
"images\cigarets-sheet0.png","3BC938471CA7AA4CD4278CADF7BCEB28838EB2BD6DB6B13980507D8C4EAB00C1"
"images\civilian_tent-sheet0.png","76C86C409C9F2F4A1A94E52A399CDAC4B1A27B5682B33F825BA26E36531E23AB"
"images\civilian_tent-sheet1.png","D57C7CA606DF5F1D9B881027E01C7758179261CE8ECD1D990E2EB8BCCE513651"
"images\civilian_tent_deploy_down-sheet0.png","58650BCB76D96DA729F82274A824D2CFB4B136994E1B3EE9A4CFE0917060902A"
"images\civilian_tent_deploy_ruines-sheet0.png","1F2B59A220840E09A500890B0E17FD134D655FAB4F95D82B6073E1FA64FA8A0F"
"images\civilian_tent_deploy_up-sheet0.png","17CAD10074C7BF5543136C5570B40451C19E2AF7B360E9812C5F68DACFC6B6D5"
"images\claymore_deployed-sheet0.png","06EE1F35673C2222D74CD654458C55167291343250F3298EAAC4F0A386582337"
"images\claymore_item-sheet0.png","2A2102E573AC4FD097533039DE06100234EAB4F5126989544DA4BA9CF9D5EBE0"
"images\cleaning_kit-sheet0.png","19C1DED5AA75383FDF162AB3751CC2F4B4779D371F42676703B7548A4E57A592"
"images\cloak_brown-sheet0.png","41D8E3BF08270ED5520580DDC6D619C46209511BC870F148A1AD0C9FAE60486F"
"images\cloak_brown-sheet1.png","B1C25455E6CECC9AB99EC3927252F5E656D58A1096A2C4C24547885BA203D823"
"images\cloak_brown-sheet2.png","D7E8978B42CE7B4E7F52EAE99C38AE945D5A46B0691A7F5C135D3211FA601B11"
"images\cloud_shadow-sheet0.png","E673902BFE4054ADDEFB3E14D672228D776E814BB0F417226886BC1F7E18FBC1"
"images\collision_checker_general-sheet0.png","C82808EF9999380E5E3FDAD9299116002AC58033DDA051B0872F2D7D0DC2B2DA"
"images\colt_pistol-sheet0.png","66EE5813D8E03893ECBF02633D2169BDC0D593C449A7974C990C6030C970449B"
"images\composite_arrows-sheet0.png","7491125E412E939E6E1BDF8740847C8768AA51521485BA97721DB726664AC7CD"
"images\cooked_rabbit_steak-sheet0.png","F31EA0762D327FA6DC4ADCABA0B3449CF6533E507FFC72537EDDB1790637FC5E"
"images\cooked_steak-sheet0.png","1E54E235FB592F9BAF7501DA5ACD83DA2C056D1905AD52F483D60DD923004433"
"images\cowboy_hat-sheet0.png","04C888DCB0FD0932CA2A3FBCA73683B7B95BFE64020A5B5CD1C0BE5E5EE7A8DD"
"images\cowboy_hat-sheet1.png","B3F6EA7BC6C01397CD3C84576BCCB6FDD7C0A497A8167594D4B1C0348CE81CC5"
"images\crossbow-sheet0.png","D8F6E3A793F09D85294096E7766D6ABD37380CB99BCBA888907720BF3ED9CCC7"
"images\crossbow-sheet1.png","FBBD6B23DF781E7B72B0C1307DDF2998032170182C3311A43F207B71E4E5E54F"
"images\crossbow-sheet2.png","DE5382CB26416FAF04A5F440E499C9E4036BE9779F4977C615AAD142FFF51CD8"
"images\crosshair_acog-sheet0.png","8D937A80F08771979AF24247953E140CEE39AF51AD0DE0EE09207B80DEFED0F0"
"images\crosshair_long-sheet0.png","58B7398BBBAE50BB645A37D141CE310F1B97BFE1ABF6C13D6465B803FB58CFEF"
"images\crosshair_pso-sheet0.png","B9C70F458405A5258E19AC0052AF36F0DD368DE63634BE71892C069DBCF1A966"
"images\crosshair_pu-sheet0.png","001E0B15FDC2EAB1B090AB482701A95E86576D140EAAA95FAD8CD145335D2235"
"images\crosshair_rds-sheet0.png","1F6564281431674E3A5BD8A1EBB2419D0F495E4FE7A7E3D0C188369A249CE37A"
"images\crowbar-sheet0.png","6852302D6C6993136436C7A2A47E642915D5F7DA0D91379479B6855C739CE71A"
"images\crowbar-sheet1.png","699C8C5A5575CCA472A9C11EE8FD7FF439E5B75FE1E482683044F217AE4D408D"
"images\crowbar-sheet2.png","2BC5D75BC23BFAB8E437F1A4CEEB41ADE5BC255FBB32A45CBD49C00BB5FC232F"
"images\crow_skin-sheet0.png","04A200F8F8861FE791C7D95C60738F6A4526A3474E866389F7430D3D968749C8"
"images\crow_skin-sheet1.png","FEF9D968FBB1EE5260DB817479641D058A6DC9C2AA0E3175F31FADB0A46BC389"
"images\dawnsunset-sheet0.png","B39CF148F65A9AEF5E1E17329DC1F65F254C20481912F8E3A3ED88A36559D4C7"
"images\dawnsunset-sheet1.png","BABB9C5852CC86A52F27B9143959CBCF887777627A60EE4093EF0D65578BFD90"
"images\dead_screen-sheet0.png","2C0A452615DE822D14A1CE1E5C7772B331A7EAFDBA060301D64BA3E6FBFD6CEF"
"images\deagle_pistol-sheet0.png","CF0E4CE87CF9A57D0A2412581724D28B4B8F01D47692AED616C5A7FF7E6EB0F6"
"images\deagle_pistol-sheet1.png","AB4ADF0C391A9C7B08C70C2F7E2DD4FA8F54C23951EF9389B006D5EEAD86A4A7"
"images\deer_dead-sheet0.png","D360ADA190F08FA09CD71EE67FBACF59C345AC01BD818B467F88DC9B98B644DB"
"images\deer_dead_done-sheet0.png","1943B63958DE44C66051B430C2B1EB0083D45E837A2589098D9BA98BC54E2A04"
"images\deer_eyes-sheet0.png","01B8856E2677081004082B414424C80EBD20F50AD672219CB5B6870624CF4C30"
"images\deer_rare_dead-sheet0.png","2736C17838218A79A93A7DE820F48860AFB4CF54E2E5E3E6F66A5B35487DBAFE"
"images\deer_skin-sheet0.png","0088C77202C3A68EBF99D4AA6192A4965F48753A6E0C4FFFB09EED33CD2A3370"
"images\dog_dead-sheet0.png","89D704B074E2332B9E152F43273B981E663E2F03232D9FC6D44FA66951AD0422"
"images\dog_dead-sheet1.png","1AD36EFC302DD8306B31FB7D1148E7C8E6D3C7050B3CF5A845B25450F76378B2"
"images\dog_dead-sheet2.png","F44D83E18EF074CF491E27952D54790A9FC33F3D3D0AC43FDBCFFB62DEA39645"
"images\dog_eyes-sheet0.png","4DC4D9BA00C426C4DF2C2A377AFFA29BE9A517518C29BA90D6CC8FA45BEA5656"
"images\dog_marker-sheet0.png","096D43BE409C3C0678B68E8D513B248D9DCD6E29D09CB55392E9702B48C8FA88"
"images\dog_skin-sheet0.png","598E15BD2F2AB679565E818B4E14603AC094BA1764BABCFE6D46E54BBCE12652"
"images\dog_skin-sheet1.png","FCEA50163EDFAADE4B54642D1788AC9CA9E123E96E60356D0A36731E6DC809AC"
"images\dog_skin-sheet2.png","3659C6A2E003F66EE6B990F402BC5FFEBDA02B228987E91A949A57F69F176728"
"images\door-sheet0.png","5BFBBF408ADD9E3C27DF19A3958EB4CB61F8A6AE5A41A848F49CF533BB1747E9"
"images\down_jacket-sheet0.png","8FAFC19B944891818458746959018D9771628BD12033296CDCB571896FA18BAF"
"images\down_jacket-sheet1.png","1BA476068A468B2254B8F795ACED4D84E2942E6DDC9457A3DFA78B190E6DA9CE"
"images\down_jacket-sheet2.png","AA650AD220B10210BAF8050E694BD75B6B9480806C8B2AEF822DC121CB66CF41"
"images\dress-sheet0.png","14FBA86B79A1B8E24D7E64F0B5A82DFEFE03D6A68E1E46C3D84CEBFE073B7967"
"images\dress-sheet1.png","C38C243A5A09027B81025C03B212A65BA9A81FE10977E439E34CD75E81239BD7"
"images\dress-sheet2.png","1B7FCEAFE79F9525B90795368377E8B0E5F92EA84F9B95E2203F6BAEB29EA7CC"
"images\duct_tape-sheet0.png","28E9B24AC65B79F76CC67F0A571D55399779508904C2F741FAC6EB3287F8A21E"
"images\dud.png","01D4996488C9F99747315429AE5F55325A831DA2816C4172131C3CB922702D64"
"images\edrink-sheet0.png","FE60464413A1999666C8659F630D36D84C972957F5A8A9126FC94AC78E528E83"
"images\ee_bi_car-sheet0.png","B36CACDE2CC6DA5FC96C11CD4CD04AE49A9A955EE2881F70AFA9F0D620DE13E8"
"images\ee_bpla-sheet0.png","71F67CED6CA79387B68C5BF0847715FD1920382C702DA8FFB3C3D1AAC8F67160"
"images\ee_car_destroyed-sheet0.png","91CECA4F866D4EE62A57FBF87133CDBB651787A09DED2E18FC72FE08D85249D2"
"images\ee_castle_tower-sheet0.png","F24101DA01B5865D5B71B03519BFBE889B61765170E8B6A3EDBEDAEFC52D3C82"
"images\ee_chigur_car_1-sheet0.png","CC668655C17A706367676001BA949EC8428B6CCB37E90431416374467755D097"
"images\ee_chigur_car_2-sheet0.png","ABBD98D26B188A0283262CBDB9EE1B8630867A31289D25B6467698B76D714263"
"images\ee_deerstand-sheet0.png","6800BFBF4527B4346F5FE4CC1628C7A92026EA8EE109CDC689EBB4E728F1D4E3"
"images\ee_fallcar-sheet0.png","52CE5451070F7B4D6680CCD9AAFBC785E51E778E448D1350CC877137A3A5E03D"
"images\ee_kv2-sheet0.png","330E0FAB468FE8482624620C1DE200B67154C5F21E8497E94F1081DDA0BCEAAF"
"images\ee_paratrooper-sheet0.png","72332D5A3FB4BB4776C121C5B6D29F18249AB088C2297DDF5170D986CE6DFA73"
"images\ee_piles-sheet0.png","4F77A4DA2559071170072575F9AEBCE08654192774CE0FB3B04D02C0663F202C"
"images\ee_predator_tree-sheet0.png","1797EA720DF87A4E65C021C870DA39FED911CEA31830AB9DCB29B12D7011F05F"
"images\ee_predeyes-sheet0.png","901417F7475C42F8B80F409815C5F8A31CA00B869E5C8A1C5DC334B52F6E1FB0"
"images\ee_pubg_drop-sheet0.png","466DB2D6747273F145C3C0AD658AAC8B5B8C5F194687CF7E56041731C7C5D9EC"
"images\ee_pubg_drop_smoke.png","DDC30C0959033D7165B15BDF998BF4B27EE6BB4F48C6A201F9FC3556A2A3A640"
"images\ee_radar-sheet0.png","0FEF4289511598249AFD2D339D2FDA434FABE7C5DD1DD76C34F4760DCD35D313"
"images\ee_radiotower-sheet0.png","E93827CDE83B58EF285D793A7EFEB90EAF6D8625A5723EB976538F6F73F01996"
"images\ee_radiotower_part2-sheet0.png","50F04A5EDE37EB92940FB17F74FB962DC917E34A3DBB1F20F170384F255C98DE"
"images\ee_redchest-sheet0.png","4316C74B521C854C2528263CB3A5841122C66000793FD6A7F311CBB00E01039B"
"images\ee_ruins-sheet0.png","1269FBFBC76F48A0C3DA27A40EA80262AB8C8A482B451C988E21B24BC026D4BD"
"images\ee_stalker_cross-sheet0.png","B9A5F1669F1F8C2FF9C3A0A731ED913A5B47027D9175C47A56E1DBC0A69275E8"
"images\ee_stalker_fireplace-sheet0.png","6B7D2AE566C9894C675ADA8EF0583556CCF7B2917DFBDD571373EBEE2D314E3B"
"images\ee_stalker_radio-sheet0.png","DAB43F64BBA911CA682D4134B03D56510EBA6FD1E7CAB6DDC2807650096789B6"
"images\ee_stones-sheet0.png","4D02E24CA9B654EB5081EBD8E38A2676A862924A838C1BC9A48035067F39F2E5"
"images\ee_strange_tree-sheet0.png","15F2FA57EEA3029F24C3EC48575362F67C73DB1399F9A304A818CA78C4AACCD2"
"images\ee_tent-sheet0.png","820A7FF3B590EA2E7B747F4639C23706B9D76002D3B4F3E34039D1C73D6CC320"
"images\ee_typhoon-sheet0.png","2A56F69811EF91B539DE26260FBE82F076D0C181E25152FD2F0BF281E084C66B"
"images\effect_env_fly-sheet0.png","A2A8D3EA287B2EA945A13429E1F5FC78F6C09839AEDA80E2EB1CF00E21AC256A"
"images\effect_env_perekat-sheet0.png","CCC2E7FC14CF422DAE8FCD5A35F493B8EE2EBC56D1883213BF6C36411AE7091D"
"images\eff_barricade_piece-sheet0.png","942D2288BA89095D4488A74EB024ABF41E22D7B6912748253EB8D60A5E1BBB59"
"images\eff_car_smoke_particles.png","87F9439416C813F6207A65E6104936CDECFA978D60A486C9C19EFFFA9823984F"
"images\eff_fence_piece-sheet0.png","103D0012F17678D19A084551FFF61D3BE3EF8559A6F54EB7D583B483212FD529"
"images\eff_lavka_piece-sheet0.png","74D8808F7A670024FD8779B326B2BC6E06634C21B89B03BA5493472D7E873AB8"
"images\eff_tire_dirt_particles.png","AD940DC38174128D02B2946E48D2DC847B16DF7C6248976775A249F0D53DDA2F"
"images\eff_trash_piece-sheet0.png","A76F1DC7AF44845F5D9682FDCAD8815B9E299CF8A2D24EC0F7DCE6324B4D50A1"
"images\eff_trash_piece-sheet1.png","52F0001D6EF681FE6033FBDD879B5CE070A9A76E74A74FF93DDE6938C4E4A702"
"images\eff_uaz_piece-sheet0.png","5DFC1FBBF247564AF1C7B99247B01A5D7E8E229D6B85D90C417DF5CD0C78CC45"
"images\eff_vent_piece-sheet0.png","C5910FA5CF1B61B8EBECE74622A0FE2697DAFD4483896C3422BCCCC7363377C4"
"images\epoxy-sheet0.png","DA592B3B9A17153BE4D229E57EF5040E10255C2E38024752EEF8FF791A6C95B3"
"images\explolsion_ground-sheet0.png","DA42C7FAAA7DEFC62E030979E4C3866FEAA2BE08A7B83BE93F44807C0BCA70B8"
"images\explolsion_ground-sheet1.png","8585990D89881CDBD727E31651173372E65B7D6CE8BE5BA5DBDD6B1F8B18BC6A"
"images\explolsion_ground-sheet2.png","090031C737C6177287A2E6B789789C8838F1736C1469316EF9926129EFD49E3E"
"images\explolsion_water-sheet0.png","7B95ACC571378EBAC243FB779FE8261D8E11C5EAF528A72AEB659945E6AECBA0"
"images\explolsion_water-sheet1.png","594A026C2B4F33E0BEDA7DEC2FC14A379D69C50997C7001DB8EE820DFD855ABA"
"images\explolsion_water-sheet2.png","E803B46F7B8D89904597A58ED26B8A7219B1881DA7A38D68B42739CED9F5C2B2"
"images\exp_hole-sheet0.png","D8C498BF7A2772D97A414FC43E980D0C3ACA233A361F697B4132A43838ED312C"
"images\f1_grenade-sheet0.png","310AFC19F42BACEDF79F80512DD9E90B005A8D4EB7269E75E60F25B06CB7534A"
"images\f1_grenade_active-sheet0.png","3A0E6436DA020535B9C3736C419CB40F1FD24EF4111FE6D07EE8683626AE0E88"
"images\f1_grenade_visual-sheet0.png","4CF6D471679C9E7FC5CE1D02592FEF6E4BF63D0EB0442AD3E1A7B0086F1B4B01"
"images\fade_sprite-sheet0.png","2E72DCB7F6CF999812182E1D77F80A8C289CA2A59FD1CF4BDDEB013D525B0086"
"images\fake_water.png","5F78F1F7652AD01E62F070AD7B6A549AA3A0CDF75FC4FFCE2887B5E282861CD6"
"images\fartuk-sheet0.png","3C956A70B26F4A4F55912B170C853D521143365694B99E82AC8DAF1213F64D09"
"images\fartuk-sheet1.png","14B8D3C5F44A8074AB4CD98F1C0ED7F4A48D63FAB42019A97015C5249C532263"
"images\fence_horizontal-sheet0.png","4A4B5DAEF4A4066B97296DFABBAFB540C32C3B627E21C0D9D616813733151632"
"images\fence_vertical-sheet0.png","30312BD2F45DBAF88EE88FB808C50328F031EBE7C4C52669A08B4213E568FE99"
"images\fertilizer-sheet0.png","384FEE61373046FC9082CB02CBFD1D1316127E83A7ED9A2E7D6A89C4869EB5F2"
"images\fireaxe-sheet0.png","E64A8CDAC3A3212EC692993BC14B01B8F45A52E9A47C62BA8B77DE78BE7B40BA"
"images\fireplace-sheet0.png","F9340EF8B316C9C2B3B42298AB30E74B49B0A94F2B031D5ED45EB4C7CEE199EC"
"images\fireplace-sheet1.png","3F2D7B5B3987C1E90A509ABFA40CEFAE943A60DCE7A1788D0EB4E248C6EC627A"
"images\fire_place_warm-sheet0.png","2F607B4D130A83CC86756D3B9E296937641CC8F3134EA70027CEC24AFD725D74"
"images\fishing_rod-sheet0.png","E51EACE6D8AE71F8D78A3DA8583CE6AEC5F8BD39899E3E84B9A8E479A83F1A16"
"images\fish_filet_big-sheet0.png","E59ADF6FDD4DF6C6347F0ED9B4D62C14FA1C06A45F140594F495291CA1281D45"
"images\fish_filet_small-sheet0.png","E6E6C9B0BA4AD79EF21C591E10501F0231B9D509F43916EBFE5910B11E2C9616"
"images\fish_herring-sheet0.png","D93CB13AD9F97746D7673ABF9A5D9843630F7954BADCCA51507EB85091BBAE10"
"images\fish_nest-sheet0.png","744EB2B9043078CC61257076AEFFE02A71838A741392937A6AF27841DEE03998"
"images\fish_perch-sheet0.png","A34C9D006BA439410FBB1AE7EEC5DFFABA43030F03D3330DB8A05A6BB9984EE9"
"images\fish_ruff-sheet0.png","D28AAAC4FBF99B760B8170532DCD6792742AAD2CDA0F4601D24D1A74F13E467E"
"images\fish_salmon-sheet0.png","8EA291F7578699410BF79E6C897042F113FFD5259A6AC161E3786B0F6CA55797"
"images\fish_sprite-sheet0.png","AEA2A1A4E050F6D8CD96FB65AB27637063FDA23E13C10E0D528DC44EFFC06B0D"
"images\fish_sprite-sheet1.png","56E0404569BB31CA705554997019F7FE1F243D29C8B87F35BD9161CA14C789AC"
"images\fish_sprite-sheet2.png","F0867BDD0E760C1BA578A6B1439A103A00AA2BD5C4C5C6B3FC5B49B412CFC784"
"images\flame_medium-sheet0.png","6C0A61FC464A1A2B876B55260F40C92DABCA4F148B22D768ED9D6B31C2A9C327"
"images\flame_medium-sheet1.png","A1A0CC3FCA88A62A299CDC884A3CE047BA0F0C2D223F4E205D50A24527DF53B1"
"images\flame_small-sheet0.png","39EC10CAEC135AEF50BA6B22D1497AB9C61FCEF2A9243F734196D31A322B7F08"
"images\flame_small-sheet1.png","36EAA5499F8B23B37EB250CD812129693EBEE7B847471C9B88D06385663220B6"
"images\flare-sheet0.png","8F345A96390EAF6623D9A37DE1D82E50BD906CF230DA2690EF2975A5445C6D3D"
"images\flaregun-sheet0.png","136DA78A4FD8FDCCDE45ADB1DE36E6DF6559D8EA99532A2F9FAFCEAC706E993A"
"images\flare_active-sheet0.png","072A55E0D3F2AF105280F78E3E363C6C3D5A68B5FFAB0BB25ACC1DCB71E770F7"
"images\flare_gun_rocket-sheet0.png","CBF64441AB5DDCE102D05703924A5D1FC54D1F0E463C3815A320F44CE65877FA"
"images\flare_gun_rocket-sheet1.png","CFFC58CA299F4E38AFEF614D52F72CAC63237E4FE546A3A187D55091DEAC7F09"
"images\flare_gun_rocket-sheet2.png","F683F699328521A2F7BC406E66891BABCC9949493719310ED8BA595CE0D4308D"
"images\flare_hand-sheet0.png","A1B0595111312A618D27D6B79AF38FA4010C58D991BA8DB2CC96CE7F084F8594"
"images\flare_hand-sheet1.png","D985035AB68D0F6013AA0146DB9E5FC2F7A41161A6B9728DDBA5EC238E98DA13"
"images\flare_visual-sheet0.png","CBE6E6A359962798C390678D7FC30B6B4BF093C437473BE62892278D73B39878"
"images\fncal_rifle-sheet0.png","443017499F24AD2B0211FF11CC98BFC208074E899FA04C8F049EDA5CD15D54FE"
"images\fncal_rifle-sheet1.png","751F25A8EDF44F9FE7F6036AECC28E61D6D4B0440B8D7A98218EAE5468A7A541"
"images\fncal_rifle-sheet2.png","8896E3D2AF3C1286E1091F1DFF5AEC8026A94056C4161EC2F509BE1545E844B7"
"images\fnx_pistol-sheet0.png","BDF56595D40BBAA8CD27DC2ED62C23B52E6736796990A867D8DACB8043901B44"
"images\fnx_pistol-sheet1.png","69BDE45383A43FE5D85826742281798D176997646BFC403848985B064CA702E3"
"images\fog.png","724F0DA545B2E22D1F4B9DD94F83E1312B6038E5CD55A5F48F7A98D128D44535"
"images\folow1.png","724F0DA545B2E22D1F4B9DD94F83E1312B6038E5CD55A5F48F7A98D128D44535"
"images\folow2.png","F54505063A8BB5478245C7ABAA633EAA538BF91F924B3DEAD76B0CD4EFBEBDC4"
"images\folow3.png","198FF7F4C148E02071EF6B3555A67F8B24E94F44B1660FFD868FB5585CAC1A94"
"images\friend_hp_background-sheet0.png","B77AF296BC4B71F7AF764BB39251AD700A65299E8098E5FBF3C223EBFDD41170"
"images\friend_hp_bar-sheet0.png","AB6D0EF5F0B69A08CC4224BAB1B50B56654889749E60AF380C588E406514E81A"
"images\fueltank-sheet0.png","80BD65A4D8796D7277FFBBAF3940D305DCCA73BCC155A4007158B946255359A3"
"images\gasmask-sheet0.png","12711EB8BC122491BCA514F17B46CCA30EA57A25870636A540FEF632D3F63A21"
"images\gasmask-sheet1.png","827AC979702A640A73ED9BD3CD5393A745CC48FB5805740D0184008309B83882"
"images\glock_pistol-sheet0.png","66FCE7677EA92B9D5AD1E573B030D547A9EB3B22665011C81ED074E3E622BCFA"
"images\glock_pistol-sheet1.png","7CDD5ECDFB586E466D42F3AB8C737AC767ADF5E964B68D54A90B7817EB1C9663"
"images\gl_safezone-sheet0.png","506CC77EAF4E196F152D71A0D9D445F572C30B69B808FA663D646CDBD3ABFF27"
"images\gorka_helmet-sheet0.png","1ACDA65D16D68D51A9FDEEDC2F7FC222D47CC89E40D3B1029A0360B87B2DE4BD"
"images\gorka_helmet-sheet1.png","D8E4186B048A3CFA822BA4EB26ED9F6133295C22083B4058DC56EF54E16BB9D3"
"images\gorka_jacket-sheet0.png","C0DD2859C66FDC906E14C1D50D912F812531F9BC193D8FE5B2311F1983EAE339"
"images\gorka_jacket-sheet1.png","9FAE3BC606725077EB30627A2EB4A3FD0FA50085D3909BA5F33145145F974063"
"images\gorka_jacket-sheet2.png","4EC133CE50EB707880A68E3079682AC876331FC7E51ABF7A4F6DFB421CE584C2"
"images\gorka_pants-sheet0.png","838E75C21F2858AC238DA243B5D30150100E64B58AE8847D0C65095641077B98"
"images\gorka_pants-sheet1.png","DF4B819542062EE5B28727DFF5F1D10CA72518837D5CF66D5C8A221ED3F8E297"
"images\gorka_pants-sheet2.png","84F446BE17EB088D372C781AC1D53710667BB745F8C71E87875E3ADADFEAD7DD"
"images\gp25-sheet0.png","9BB6F9AEC031712201DF552E76A17B66C0E0033686A9DC769B5D4F403927D335"
"images\greathelm-sheet0.png","C593154C229EE44654F62B7C577791C85EBB51436A2FC404103EA6D8BB29FA99"
"images\greathelm-sheet1.png","C8C1EB87C761DC7B56B23F5C2E907554EFD174299D95736B2BD374403E80CC28"
"images\grenadeparticles.png","D7E555016DF66E1A2EF885BCB75551AB685BD072F2B76646C6F2C2FBE4F316D9"
"images\grenade_smoke_area-sheet0.png","5DCEEC2EEB371F85EDE5CDBCBC03AF4CF650A59698D34DD2F0F32C7D86236950"
"images\ground_enviroment_tilemap.png","D403D29E2E74E9CC7F7AD8F581D031A7CC5D11E5FA523EEACD3C41C8D4218867"
"images\ground_lvl1_tilemap.png","E99F54A17534370EF3D3200EEA7B6499E97092C7EF1B66FB9CD3AB810787FEBB"
"images\ground_lvl2_tilemap.png","3F8C17965CBD241D48D30996619B54098A61BDFC24075C706B03418DD472CD1A"
"images\ground_lvl3_tilemap.png","BE43F3E93F5D749565F37C0979FBF1B1C5F47F6FCA8196309D19BA5D474B7B5B"
"images\ground_lvl4_tilemap.png","F98035FBBDCC75A94B51318A40FAEC53295158D931EABAD6F2C881664B8CF8B6"
"images\ground_lvl5_tilemap.png","C6D3CE21B80F43C81658AB4BF76D1DF43583886A14DD78E5882B459B9C0792FF"
"images\groza_rifle-sheet0.png","761CB466E7A2E1C3674DD1E9FF1787C174BCFB5DF68CF2B1FDAB0E4F509BCE92"
"images\groza_rifle-sheet1.png","65558E7AF6B1890E0A545F89362BA507DDB5EBD04D1ED3DA6D981E4CA0FCD3C2"
"images\groza_rifle-sheet2.png","17C0E6D680278E20DB5089C5193425A6133BD078576444F7228E3D63D48473BB"
"images\gui_airdrop_btn_filler-sheet0.png","11C7EFFE83FF409ACCA63BC4F1E08A816982123EC8ADCED9CC512F19C46159D4"
"images\gui_airdrop_icon-sheet0.png","AE81B7923F78C2BF81723C612563A85BDECE65A871A995D91611809187F48CD4"
"images\gui_airdrop_icon-sheet1.png","2AA45868051BD2F969158C0D71D165D18E6FF3302F3E311D9DA1169EF2CBD14A"
"images\gui_airdrop_icon_select-sheet0.png","ED7E0F569ED238CDA48AA8D212B462F61E0F053BA0B166569380AEFC4717C6E0"
"images\gui_armor-sheet0.png","43C5F1D061B1C3EAD4D64671A5FE55E43EE5037E77121D7026AA9E1281A66C5C"
"images\gui_armor_text.png","75CF515E140724C2F6B8312272E92AA17894074FFD0B471B9B018591A33AF74C"
"images\gui_bleeding-sheet0.png","3397854C1D191AC81228E2F3A4FFEB834CD02528DF2A4A52FFC46DBB25E54BDB"
"images\gui_blood_bar-sheet0.png","C819363863F71877530865A9A3190866F700B4098E8A15FDF6AF6117E525FFF3"
"images\gui_boost-sheet0.png","EEF11AB99A0392366EBF8E4E2B0CD55FE0CD9F93462750403191B8DDE0309C67"
"images\gui_btn_attack-sheet0.png","F23144A3C32394F4644DA156E255F20730B5A7EAE173828D8CB6951131754455"
"images\gui_btn_attack_2-sheet0.png","17DB45112B41BC7C69F48905980BE56CE6E4255099519210CC42D66BC1D1C16B"
"images\gui_btn_attack_2-sheet1.png","0FFDCEA0E72558F0CFC46AEB694F41CB6765AE833ED704AAECD1EB8D77EC2E19"
"images\gui_btn_builder-sheet0.png","0AAB36AD9168A6BC8EE57765C17A7D0D4F25AF30A7F9DC4AFB996D4E9E3AED9D"
"images\gui_btn_builder-sheet1.png","6845F525D2D1C6F6F89B485BA909F2A8D8AF567ADD0CACE3C4F3607781EF57B2"
"images\gui_btn_builder-sheet2.png","9F58CCC03B02EF5A19C616E940D62D4C5026C1CBECD4B063015D2E66727CB2A9"
"images\gui_btn_car_backward-sheet0.png","DD4C448664BAD6EB755E4F6CAC0D4B7CC80698B135A82EC309468CDECB2F6518"
"images\gui_btn_car_forward-sheet0.png","682BECB3CC69B38150C816D8B7BE96A96805A1F5FD9DBAAACC0154DED1AE43E2"
"images\gui_btn_car_leave-sheet0.png","8560A17D4783898F454242BB88F451D02B733DB3D28493B2EAFF7F6D2C424F3F"
"images\gui_btn_car_shoot-sheet0.png","56DDBC1054DDAA619BE68F2B21076D03561F332A134BD386165BB7B7C178AB40"
"images\gui_btn_car_wheel_left-sheet0.png","D9C6A4E0E2374C9EE238E10DFDA358B70D3F08EF83DBAB7B88DB4C4057008FB8"
"images\gui_btn_car_wheel_right-sheet0.png","9CB5E7408EB15AB6939BDC0314BCD3AEB5382D81F3AAFFF0BB39432B154A5E89"
"images\gui_btn_flare-sheet0.png","C8164EA13D985017994903375684BE2CB9636D473730987F00C877AEDF20F305"
"images\gui_btn_interact-sheet0.png","681D828A38F8AE940257BBD8839CDD4DCBEE68B99D03A6A1800AF76D583907CD"
"images\gui_btn_interact-sheet1.png","9A770145942B7914927B8F550A898398B64888CD7008DECE13D3A47089F9BE5C"
"images\gui_btn_inventory-sheet0.png","2ECE87AC9F635C0AC9261ED9F24F862228FD6276C8C6AFB8E881B88FF057798A"
"images\gui_btn_perks-sheet0.png","5CBC82A93CBF56331BB15FF942887D429CCCAE95B83992533AF303684999452D"
"images\gui_btn_perks_notify-sheet0.png","74306792CB76833E9BD94B39C9160998790FCF1CEA368031B9B47108BC24C9ED"
"images\gui_btn_perks_notify-sheet1.png","DE29BD043A7BB54E993D42B923BC9B4347A07D7FF0F1BAC197E3E4C7EAD65635"
"images\gui_btn_reload-sheet0.png","015AE320211DDD854DDD98F1C2C15AB3BE556B21CA5ED203B34F555B6C4D51FD"
"images\gui_btn_switch-sheet0.png","41EC880A4DF04327B6EE66C3F4EFFC0D011F3446684E53F41E007D208093E284"
"images\gui_btn_switch-sheet1.png","AA8C4BD5453C30A27881F95FBDD0345E1372A3E07123E4E751AD47BC5CC4E379"
"images\gui_btn_switch-sheet2.png","07A3AE1AB294499BA2856F9874E366ACE42603B9206A0F2E3443D85C6F85289D"
"images\gui_btn_talk-sheet0.png","D848A09C65D6018CD5FA2A0D06D6DB25BE9436EC23B6AC4DDEA4EF823F4ECFBB"
"images\gui_btn_talk-sheet1.png","01AAE57E7DC23A5D3DD0252EFD1C045F8629FDD76CD51B4B5F6E2B891A1C3ADC"
"images\gui_btn_zoom-sheet0.png","CAA3E71061802E645AB5D420E21E0D9D9B230846AA2D641E7CCA05D34D9A8975"
"images\gui_card_cover-sheet0.png","5FFD68C26B50D3B23015980CAC1149FB0966A3246DC2A4070448E70862475DB4"
"images\gui_car_bg-sheet0.png","914C18979FB561008CB1B68E3A3180D50F95ED10C942F070F9078295706EB4F7"
"images\gui_car_condition-sheet0.png","12110E8BBC1DE332840141AB1F27AE97B7DCE8AFE1A569E9803FE64B94CDED55"
"images\gui_car_disable_icon-sheet0.png","D4A285CA292957458FD1765428DBAB6BAB29E161E9F3B01786B747BF727645B8"
"images\gui_car_disable_icon-sheet1.png","87BC15E36A47ADB93FCCBDE6A409C47C5176025E4CD51C4CDED30D454537A86D"
"images\gui_car_fuel-sheet0.png","21BE26FA3547D5261C89BDF5C1267A1988369076760D40F616212C8D5E4A2A58"
"images\gui_car_nofuel_icon-sheet0.png","36EA793CAD257927128C413950A4AC110C4AA8E27A4F9818113ACF6C30ED2BD9"
"images\gui_dog_control-sheet0.png","28CB279EC566034C199B1F6E1CB891D1455B790095C213E87BA38655C70E7602"
"images\gui_dog_control-sheet1.png","26E0EFFE928833F3290913CC58DB4BD19935EAB4A3F8D422B417DF6E66180C72"
"images\gui_dog_control-sheet2.png","DAAF1ACC6A778E35B5E0878BEE5D86899892B9957CC21EB182CF8C4AB9A4AA88"
"images\gui_dpad_field-sheet0.png","B43B0A117223110B505B805C9861FA305AF30892879EAFEA244784C474531967"
"images\gui_dpad_stick-sheet0.png","F48428D97050F3904B31E2626E9A5C56082BB20C9072FEC05BBD19EDB8723926"
"images\gui_dpad_stick_fake-sheet0.png","0188B77C86EACE20F6168D28FE041D42AF3E5D87FA758040581FC29E69F25BCB"
"images\gui_dpad_stick_shadow-sheet0.png","DDEE230F0E6891A95C11CC73E3FAC6CDA69D0ABD977FA52CE3FE63E004638C4F"
"images\gui_dragger-sheet0.png","6DCD306360A754E1ECF4CEE0FF272B9463173F7E9F32F1612BA0822451E60EB8"
"images\gui_drag_starter-sheet0.png","5E0B1A847E5B2C88EC216D37FB445E44AE10697EBF320C0A56C6DB49F2B6E56C"
"images\gui_firearm-sheet0.png","55A7ED0143940C7F729A75FC335604C97F172E07D5EBBFAB36BED2E1CD24E165"
"images\gui_firearm-sheet1.png","C8BB83A384DC51A9D20D805F49A6961C716947329E1D8EBB5A17467AD8268482"
"images\gui_firearm_slot_belt-sheet0.png","B3017EF00352658032C3AA432C58A60021C3AFD5D48CD394F6BE496FAF138BBB"
"images\gui_firearm_slot_grip-sheet0.png","4AC503D69447F1BA1BB78900972D0B0B929F4900F93DF97BC15106D882DCF880"
"images\gui_firearm_slot_scope-sheet0.png","61EF6E0C4F7B23C66BB6E5E160530923ECE49951A4BA8305BECE9B69444F317C"
"images\gui_firearm_slot_scope-sheet1.png","DE884F7BF722A92228B4F40D1A040C711BA349753DCA49F1D9B1713EC670A6C1"
"images\gui_firearm_slot_silencer-sheet0.png","CF62E721D5BE64F8F6A7A2A7AF0C553786483B222295EF235AD26C7DD91E2236"
"images\gui_food_bar-sheet0.png","C9CCF026B966176999BE01BE07327962FD25A570AD1AEEFBF2C49AE0B902CD74"
"images\gui_friend_btn-sheet0.png","6C614B4E7CCD8A8187E7E67FF8468AB6675512B1964A8AC758E4057F8163D3C1"
"images\gui_friend_btn-sheet1.png","7D5581648DE0E5B3E3E1BE3FD6B72C02254148E77F3CBF3D7BB9708B3A525D27"
"images\gui_heat-sheet0.png","1F32DA761B9791BC922B14F8CB42218EECAFE14478BFE3C1C1194BF14AAFAFBD"
"images\gui_heat_arrow-sheet0.png","07FFD219B0F0A881C174EC208E420798A056C89F3824FD0D7A5D5E7E0C1909EF"
"images\gui_heat_arrow-sheet1.png","6FFD1441F34F78486F9CC2FCA5789B46ECF77250138E2DA16AC8CD7ADE9F51B0"
"images\gui_heat_bar-sheet0.png","8B858FBC5D662B9AA443A622D4C55DD1CC618076CDFB66A0AB901101B3B2438E"
"images\gui_heat_text.png","3E9EE99383E757B563E699432674E5E465C3BCDF4843D069C1B993B118E82DD2"
"images\gui_help-sheet0.png","8BDBE4581091C573870FBCB8B7A0D572E0905818D898E373C1C0B09B76BBCE63"
"images\gui_hint_bar-sheet0.png","FB9F4039DABD87EC2BCAF5340FE28EB2D83161B5E9BCC9A69AF2E2A2D34FF7EB"
"images\gui_info_hint-sheet0.png","60FBC1E6A758B86E539B71333AD03560EF1A5BBD3DF10432D4B31E05842A72C1"
"images\gui_info_hint-sheet1.png","34A4E99BCBF1D3FD05266F98E20AA23776843EF5D3FF2604B98F98BA32C8E448"
"images\gui_inventory-sheet0.png","F1F98B347FC6A99D14D218C08FC1EDB1BA0659ABAFE5EB101D60B8DE8FBCC13D"
"images\gui_inventory_dropzone-sheet0.png","202BEB445318DFFE798C72252723BBE9406A72190DCE33E4232014478013E652"
"images\gui_inv_card_backpack-sheet0.png","73C7B3EBACB0F6C556FE90036C320AA068744B51A0AE771D89B290CB36758DEA"
"images\gui_inv_card_backpack-sheet1.png","E640A82B9722D4F19ECDEE32AD9B3CCD6244A3F3527EFCAB75370AAED6BC0304"
"images\gui_inv_card_outerwear-sheet0.png","9ACB15954109F9E84EB14602958523F64A91C5CF9072B29121CF3EBBE4C252C3"
"images\gui_inv_card_vest-sheet0.png","6FD3A09B591A37DBF013CC7F78EB09EAAF48DCCFA2CC59DB3D5912E2E5C89C56"
"images\gui_inv_card_vest-sheet1.png","0651F8D8E24338CBD488EE27A1EAFF23A15645A170383B5039C1B6EFA6973628"
"images\gui_item_backpack-sheet0.png","AB99FFB478AFB643F4247680DA07946B661B838DDF013D6935929FBC74AA6AD7"
"images\gui_item_backpack-sheet1.png","7335B30CFD40B71A14BC061F15C80944989906EF50BA15A8D6C960F86C514BA8"
"images\gui_item_backpack-sheet2.png","47DB51A7C8A75ED5B4FFE55360F472F13518995CA5FB8BC86CF15334E4F07493"
"images\gui_item_helmet-sheet0.png","BBCBACC2672AB0223535CB3491ACD21CEE06184DA002CA59933FE3A776E0E91A"
"images\gui_item_helmet-sheet1.png","703DB7123C8A81A0B6E87D22C80D8D580A2281697DD51B94735924A68C48A4C9"
"images\gui_item_outerwear-sheet0.png","592BE643DCE3AA250D26EF2FCD70027D31017F9F73F5060404D0B63D9A5A7BEF"
"images\gui_item_outerwear-sheet1.png","74D6EC100F5FAD3E5D3E009F4AC214BF75B02AD6DF4A529851798B2F633C8420"
"images\gui_item_pants-sheet0.png","1849EF5F68E2C3451AE70CA4FAD3BD0D2B23DE33756EFC4C97BA003392B0550F"
"images\gui_item_pants-sheet1.png","00AB0A81AD8C32F3280FA6FDA25B7F8567B467C1987B91A77BAF934A2C1835B3"
"images\gui_item_vest-sheet0.png","A6DD28E1A644B4BEF9EE41A1FB71F118267B8A01A9DC3CFD355CEDD730F5C5B3"
"images\gui_item_vest-sheet1.png","8317BE3FD823466EB6F6A0F4BB9DAFAA78BAA71E9CCD677248F452CCD12649B7"
"images\gui_melee-sheet0.png","97C702654188922B6DB6CABB074D3FCC5EB04E50C3CA683347D5E40BF6AEBBC3"
"images\gui_meleefight_ring_ramka-sheet0.png","1D2EEA8F4657E17FFBAF03B381564EE14DEBADF979BA83E0DEC9D9C69F8FCD26"
"images\gui_pad_btn-sheet0.png","4C65718342510E974E84756B26E4B7829466E9D3DEC8423795E4B2BED52218B5"
"images\gui_panel-sheet0.png","96FD64759E8734A765B5F928E91D48BD847671C1E3A2F1C6F117C73E4D3B9906"
"images\gui_panel-sheet1.png","DD76F6939AE6563E3EAA2831372812257F5957F159EB7E849C47CC19F6D98585"
"images\gui_panel-sheet2.png","5AA0458CAE7360504D3AC50313307E70CFF4AD0CBB2539F08B34BC54A0843F9A"
"images\gui_perk_icon-sheet0.png","7EE5FAF85B98CC96B7A72DB4727F9F4F2015F7013A79DD555AD248C9A7000CBD"
"images\gui_perk_icon_buy-sheet0.png","759AC9D46BBD2FDEDB2D680BCBEAEA910CA8E3DE9D7A929CF8862E7BA0F2F068"
"images\gui_perk_icon_buy-sheet1.png","6F1CEEF1FEF1ADF3049372112B3DF9602DB3D96F098EF22F4B91BA7CC91325DF"
"images\gui_perk_icon_lvl-sheet0.png","CE88FD76B993F632302FFE3DA9D7DF4A6AC3A7A08C82DB73EF300CA15E0E9A8D"
"images\gui_perk_icon_lvl-sheet1.png","B336929A67E891A38035E213DBAC5945B1CCBD66D150EAA2D253F38D4A4A4C5C"
"images\gui_perk_icon_lvl-sheet2.png","6D7AA94A8A4B4DEF90B9F5E67A447ADD9B1D95B9AFFF6DF545E2230B6EAB72FA"
"images\gui_perk_icon_select-sheet0.png","E69B112473F01BCB92B1B736F8EB72F1EE076F43DB3FAF9644C4B5F89F45564D"
"images\gui_perk_panel-sheet0.png","C79014E14436A975B7919D634492984BE62BA7BBBDD3C6E132C85DBFB31F8EAF"
"images\gui_pickpile_panel-sheet0.png","9634DB71AA9C9D23253B57EDB1AF0EC76EC81EC07EEA17868E165E6C3ED0714B"
"images\gui_pickpile_scroll-sheet0.png","9C0FE99309EEA70E35F48380C2D3A502E82A6010CC7A6F3C16661CD6992C3142"
"images\gui_pickpile_scroll_bg-sheet0.png","DC0FD6F466467088262C5311634ED1DD971C6C33570859152B3D20A12CD5F468"
"images\gui_pistol-sheet0.png","653996B5CEE202A88B3C8A0D6415EAA8EF51843AB5662C6F5E88A16ED8F484E3"
"images\gui_pistol-sheet1.png","1D0160C1838FC65AA96019C5ADD2981DD46E3350FE35E1B1678818285B363D94"
"images\gui_pistol-sheet2.png","9B7F12B921FC19155F5B132F159FADA92DD26430E6794D6ED087F29DE506145B"
"images\gui_popup_layout-sheet0.png","1C1DBF889AE405BEF25867757826E4FB84E6360F65D2C589240C42A90A31482B"
"images\gui_portrait_backpack-sheet0.png","4EC8B6FB96442ECB1AE474289ED2C56FBE82205619DECABE0020D16E5239AA4C"
"images\gui_portrait_bg-sheet0.png","47283965F63E75573746D04BA14223008FF9BF38F48E7DB3411197DAF88AFA78"
"images\gui_portrait_doomeyes-sheet0.png","D735D0CC24788753C3B1E634B9C682E9FDF484CDE88D6D1B323DE1D5E9889C42"
"images\gui_portrait_doomeyes-sheet1.png","186DC830467F109EB882AB84B00020BF99E22493DAB02DF8D070866B8AEA9C1C"
"images\gui_portrait_doomeyes-sheet2.png","5F245D30B0622C7053B32AE56528AE4F16462435BE6F711E414E4B62905C17FE"
"images\gui_portrait_helmet-sheet0.png","6803341A0C53E1B83EA4E1CB3F37057FDB2FD4D601FBD2130D8D1A38A4D5F5C3"
"images\gui_portrait_helmet-sheet1.png","EBECD1EC46BEC8133C159ED926A06F7623A8B2D91F57EFD18D6A17FCF83DD44B"
"images\gui_portrait_helmet-sheet2.png","9D77DB35472AAACD61DBFAAACC21B1F5ECA81E0C96CD62CF8DF214C16FD43C54"
"images\gui_portrait_outerwear-sheet0.png","1D6668DA50178A95192E25A4CDFE7CD5473785621083AED7785695A798B2FA9A"
"images\gui_portrait_outerwear-sheet1.png","46BB8B6F6675C49D3560B8AAB201BA0332F05ED1E75A432AF16128EA75154BF3"
"images\gui_portrait_vest-sheet0.png","9747E671A4E703D0C9EDD44E3A988779BC8813270C2AEC76FBD02A98E99800B3"
"images\gui_quest_panel-sheet0.png","80C86A63A77AD366BEAB4A5C4354719E721DCC63A1FCEF1F3931E162C8F124F5"
"images\gui_radiation-sheet0.png","5CF113C072BE9F9D48F7D16D0E5E99DDDA5FE9BCB0A675F4A9D31E843769F28D"
"images\gui_radiation_text.png","CF47E175E7F157C69F8156FF8D30A4CA9BACC48CD22DC96F52237C3147DFB2BC"
"images\gui_rad_bar-sheet0.png","B5D05245688C82A827DA05B3889E24FB9FB9C6CA322C705CA667C69ABCD8DA23"
"images\gui_regeneration-sheet0.png","2E69F7F7649B893667D9A36096B33D0F96F8E2E42185655E2645BC8B12682ACF"
"images\gui_regeneration-sheet1.png","BAF366AC688FD37E13CCE020CD2BB3D39344E43136EFE24C66BE71D00E5F1056"
"images\gui_regeneration-sheet2.png","A562BFFDC28FE64E6D3529877915C6B89BC8B2B865F235DD71B1D46B81374594"
"images\gui_safezone-sheet0.png","6532FECDBFA9A4FD281B0C5519FC7BB241F021628328288F9A73884172A47E2D"
"images\gui_sick-sheet0.png","06421C1C4DB6745D5476839230702D9B3852220EDB225DD31353B5D7757398D5"
"images\gui_sick-sheet1.png","506A8C40239DE1A349E71D5C3AB035E50A342CBD4E679BFC78DC661A5E0F2D91"
"images\gui_sleep-sheet0.png","B4A58D3AD904E1D9B6F69D2D75AAC54DB5DF6A3AA45EE556000A20CA9D7731B8"
"images\gui_slot-sheet0.png","69D607329E62584FA4C1A86AFFF9D603FA6F86DC23330BC1C957DEE2ECEA7C9A"
"images\gui_slot-sheet1.png","CCAE018978E04EF08BDF374C3FF99BAE0B2D2271267A29E0D054FE707FA77E76"
"images\gui_slot_bg-sheet0.png","CD8D8F3F530DE2F0912F7F75B4D382259B445FF8CC2EDAF73E1B0BEC7D7C51A1"
"images\gui_slot_bg-sheet1.png","64622137DA14A3503BB159317880661FD8AAA52039B4E4A7A7A1EA6A28BE45FE"
"images\gui_slot_bg-sheet2.png","D22F4BCDBB509AA026DB2620945E486AAC14F31DC13FE1C5B8C6289F0F91B61F"
"images\gui_slot_hider_bp-sheet0.png","36626013B24612B26FAE86E61B046C0C9A9E661D95B56955D5596E5304D8706C"
"images\gui_slot_hider_bp-sheet1.png","6328D38AE7C0B6ABF497FAABB4DADD53B2E66CC3C218EE76A76BA5D6DEDCE9AF"
"images\gui_slot_hider_out-sheet0.png","316499C1C928B4EFB929F9B7A6483F77B360129F45B63F81405B075D0202ADDC"
"images\gui_slot_hider_out-sheet1.png","036F2BFCCACB9BA4C1A8F124AC7CF747C16A3B04FF66570270CBD649463B7163"
"images\gui_smoke-sheet0.png","9EF6D016AD70ECA340DD24884B6A48E75E7FFD3D34C816B8910CAE06C2E2E06F"
"images\gui_smoke-sheet1.png","CAD72994EA40A37DFE5032C763F1360EE531D736A54BBEB749C682379035DE46"
"images\gui_starving-sheet0.png","5A1880E25B3B8D10CA3B7AEB75737B0A95558E1BC33EF3EB4FBFE8680DFF48E7"
"images\gui_target-sheet0.png","16A5FF5266D303D23E7A6C857773F4A48BF4A22A29E24D781C551D85C2555C4E"
"images\gui_thirsty-sheet0.png","B8F2B3D0C11A0C25BBB25364756669CAD2BA3337A7B39082409A35C8E593048E"
"images\gui_time_bg-sheet0.png","336CDBF0577B445CA4B343CF0AF378A3FAF73760E9E48DAE8DB5426F9A1C1746"
"images\gui_tutor_controls-sheet0.png","02910C7F8EEDA3BA222C9E8EB487F7A407B7EB1181B3C7F17F44E0D114DA7C3F"
"images\gui_tutor_controls_char-sheet0.png","8972D39AB8E9282F0CE3C753ED83D112386BBFC3C16D5222A8CEC7F4102B160B"
"images\gui_tutor_controls_hand-sheet0.png","3B32AC3BC2E075C8B2B3073C5AAB93BC5602742876994F8831A72AD87CA69FA7"
"images\gui_tutor_tip_bg-sheet0.png","564ACFFCB26A7A230CC4B1FB57DA474EFD8E083D51A8E6675EE247A10C2AAA3B"
"images\gui_water_bar-sheet0.png","46AFD03044CB475A355E52D9351F2DD1D2BB6650ADF686C28E3D52F35E88C91A"
"images\gui_wpn_cooldown_bg-sheet0.png","8E2195F5295F8790331FF5C80E2D5F1B19E2B055B63F74EE76A8E2F6B3FF3750"
"images\gui_wpn_cooldown_fill-sheet0.png","E6D1394A7C14C6D46AB25A398D687CD6CE14720541B01E311E837CF5A915706F"
"images\hacksaw-sheet0.png","D7760DFC71CF435DFE60DD9DAC9435A72CEAE7F4D189201C93EC7D169700DA9F"
"images\hammercrash_point-sheet0.png","DA748161D91FA9CC0ED61A4E16FCFE36FDCCA53BD6B0A03820F3E7B328D848FB"
"images\hammer_crash-sheet0.png","B444F5B3AE7296253EB3D815C56552CD45EC28855CB311D9665FB9D443DBE5D4"
"images\hammer_crash-sheet1.png","3AF04CF636146E207738A62271DCE55074191C047B8F5A61617F36451D31A4E2"
"images\handmade_arrows-sheet0.png","D3FB18196FA1E379EFBA22C02B33D08A754275111B43BBEA1D34D60676DCC0CB"
"images\headlamp-sheet0.png","870EDE4E19742F984AB2B6F60D5417A96422FAA95B000819E6F227CF5E06A01B"
"images\headlamp-sheet1.png","9FEA816BC137141866E7C0910912B6C1E92E702AAC3A10FC225D6E6CD680D8F4"
"images\headshoticon-sheet0.png","7428D503237277E50E8D7DDD06E4C56B0B1B4E3054E8535495C1FE87B8464C0D"
"images\headshoticon-sheet1.png","A36D0958D12978871C4F6C228457B8650E2ACBD5BCAED2028EA44E3AC505105D"
"images\headshot_particles.png","22BF5C3B852B52541ADDC22D6542FFDE0AF9786395371B042B675A72A0834474"
"images\heatpack-sheet0.png","40FF7D517A5E8808E846BB05DB28C8B87F5976A014510C1685A46ACE94AB59B5"
"images\helicopter_blade-sheet0.png","A209390A00E1ACC76DEB27AB6A20F9BBE3BBD4185AED8E9BF192922A57D5DF5F"
"images\helicopter_main-sheet0.png","E6ACE00CEB5AB33AD60963E50010BBA9CB52650F103719AE4C392CF85DFD0FBE"
"images\helicopter_shadow-sheet0.png","3088347C4D82E36CF07A4698F7671E94AA6D4745CF77D3EFA10518966E746427"
"images\helicrash_point-sheet0.png","320567D0D114F27F649EEB319C61CA32486AA48D08156BB404D2670F4A9FA3AA"
"images\helipad_bg.png","989C63C9A6D45E4C3D3A4A785C51E208AD1366969E6421D6BFE74197ADB263C7"
"images\helipad_logo-sheet0.png","F382803D5D18D35EE8A73E805FB6BFFF33E7200E7BEDFD5C087449A1603EE37C"
"images\heli_crash-sheet0.png","23C9F1F977406140312275A1C05C6231598A9786889EE3EC4D36B354A46CB56A"
"images\helmet_army-sheet0.png","F9CA621ACAD2B3337E5B30563E919FDF073E958326868CD853F5184D27D134FE"
"images\helmet_army-sheet1.png","E7D3774267C1AD50A6DF6040A87D9D2E88B800ADC606EDA64B5CF16383DBA5B5"
"images\helmet_hard-sheet0.png","E2D7F5F556F7BA2AF09E8DFB87713F82B79DBB0A7F6639745B0049D4464EDBE7"
"images\helmet_hard-sheet1.png","28BFAEBE02B251CC6B09BCD48A1F0D1521C8B554ABF808C16BCFF679C618216A"
"images\helmet_moto-sheet0.png","EF58300524A9FBEA129F7B3B62A8D3E633646D441610ED1846424D8D1BA0E2DB"
"images\helmet_moto-sheet1.png","15488C401A9B6BDE054CCA3AA8ADAFDB6725556ED77EB51A4214306AA748E296"
"images\helmet_moto_red-sheet0.png","4241E135E45F88B1C671BAF8EB3C9732FA0EAE6511EB30349F951C2C0BB894A6"
"images\helmet_moto_red-sheet1.png","91C43F10C290C12958632A73C6B4A0BC95F20456CA525BB3ECA698E04CC8D868"
"images\helmet_nvg-sheet0.png","E6169FC1D8F9B4173ED8C15B621A5B624808F6677010C4937838C0DF13C54FA2"
"images\helmet_nvg-sheet1.png","5BC8E217C6D57B99B4FC845B252350808AA323F202CA2C45D09CFBA614249EC6"
"images\hesco_horizontal-sheet0.png","7DF06E536D3FB09894C55ED418658759D72E9C18DCEBA72581E8CC2266CC5DFE"
"images\hesco_item-sheet0.png","DA0E09D8A165D725CCFCB0F8B4488D37DEA4768BD9E6AC804C701C3B923374F3"
"images\hesco_vertical-sheet0.png","E42B43397E40714095AEC8E325404E3F9742CCED112D213D32C9212C66714FCC"
"images\hoodie_gray-sheet0.png","43D3DE59CD5905CC9AD7FE49E89558DD2220A9B66FA11FE5D5C57204C0BC589C"
"images\hoodie_gray-sheet1.png","E04034342335E010F79FDA8E19100CB0C3DCF4282F33258134FAAB2A2E6F2650"
"images\hoodie_gray-sheet2.png","ABF1AF0AEE2F4B35228F376E35186A6B812B582E7123D36F7A0E510D9929B2D4"
"images\hoodie_red-sheet0.png","7130EF2BBD80810223890F7EA7911B94A8BE21DC9FB407D68EF8F5155999EE6C"
"images\hoodie_red-sheet1.png","A430AA6DEED9A4433C1739356F165A29AD4B11F931361B2B7781D6ADCFB6BCF3"
"images\hoodie_red-sheet2.png","93B8920211E1ABDF42B2A2B8F49AD5E6A504F00B4A0667391F1A671D9C94F71A"
"images\hoodie_red_true-sheet0.png","CF0EC2952045DBCFD3F128812C88C47AB6BA2F6644E0FB033EA8D2FC850E7520"
"images\hoodie_red_true-sheet1.png","5CE2C5569832A5012FF44BBB9FB00909F56D429F51E5B034AAB6452EAD66FE46"
"images\hoodie_red_true-sheet2.png","AA11E8756187C8BFA7B3ED142336CA552EEAA59ACBE4E8D43ADB60E8AD911E3E"
"images\hunter_backpack-sheet0.png","76A962BE079C5B7046311C5C8E2A124A122DB55E0B7297BF35E3706E846EE210"
"images\hunter_backpack-sheet1.png","1FD98B027D2272D952D209CDC9BF83A7559AFEE0D494455BBACB82761B9024FA"
"images\hunter_jacket-sheet0.png","4B54B58B8A9F24B48DC3AA7B45B6BBDB68C5C7CF9E0C4FE887A26598C7D15F1B"
"images\hunter_jacket-sheet1.png","A7C16D4309E84EA459A9729071810883D8EBFA0ED264AF11748B0C173E54844F"
"images\hunter_jacket-sheet2.png","CB16DA4A68176785D18C04B6200904288B54956EAC36C4C1F74A5D7078435DFF"
"images\hunter_pants-sheet0.png","A881F6463037E407BF84E6904B83AF14C07AE8490595611D372119E3EA5A2E8A"
"images\hunter_pants-sheet1.png","D9E8649344D8095F0B3DB83B047CCC8834A1F52AE363FEE25D0878FC5C2C7D45"
"images\hunter_pants-sheet2.png","4E1B9607055BE7B897BE1E7F3A6D8E40385DEE31F566F84214B1461393B16975"
"images\improvised_backpack-sheet0.png","6265F467EE26AC02DB2F80458F8022DAD67AE53105980FF04C7322138D827074"
"images\improvised_backpack-sheet1.png","00937E67CAB0C1C727F90DFE9EC4B48DEF4484497B7089F29E4DA83C841DAFD0"
"images\improvised_bag-sheet0.png","DA6A48C03CC63C1213553B678721914C6195EF7B6D5F232B61D91B56A4364B30"
"images\improvised_bag-sheet1.png","46368095814D7E3B62A3EE2F4809E4B00CFBC3B5FA1AB1EE97A612E47382F7DC"
"images\improvised_bow-sheet0.png","35EA992645E37F2C1E0C4AAA60DD64C3F6C465CF22DD42B317156220C87F00D2"
"images\improvised_bow-sheet1.png","491916B3387E94AADF0A77432D29BED1901B24A2D72139F97A1E63622EC919BD"
"images\improvised_bow-sheet2.png","5AA3F8A304659B54D57A5E1D39DFEF8D20D296E7C60C0F1C321B91614FAB58C1"
"images\ivkit-sheet0.png","7AA7A9FC0D8F56819C8821D26379CEA0E1DDBE7B8CA80FB7F9577FF6FC147F0F"
"images\jeans-sheet0.png","0FA3ABBC1390C182228CCE73093496676E825E8FC5A39FF823A96D436DC607BA"
"images\jeans-sheet1.png","6AAB545FE19BE9A0D0AC94AEF727A3136170596D83762AD649CE999296039CE0"
"images\jeans-sheet2.png","A8EF7BE85631B3838983CC8A400989013BB4CF9E141C72C3FAA3F3D30E0BF7E7"
"images\katana-sheet0.png","C347B5B8FD24F6A10ADB1AEED27EE06CE84FCD867E0BD0881D5A9048B57B15D3"
"images\katana-sheet1.png","CAD268752BE162CAE675501B597EF4A3DC37689AA0B720F2C34F3635527F4E7C"
"images\katana-sheet2.png","15AD9738A61FD728F6E94409057C9501DB2D7BF74AF11A8CAD2FE4E89245BA21"
"images\keycard-sheet0.png","CCF5905BA59B2CC6A69C6216945965A2DE492C41C2B4586A2D8B289645E9FD82"
"images\kit1.png","01D4996488C9F99747315429AE5F55325A831DA2816C4172131C3CB922702D64"
"images\kit2.png","90BE9EE68E38C97231549641C80604778AE6BE5BD9D448772149FB78CEEAF607"
"images\kit3.png","1014649A71B08B48321465A978CE08CECDA80BE925091485589AE39BA9838D43"
"images\knife_any-sheet0.png","932062B2660DFEA4227494CB54220B4F93BC47ADDFCBAB102A0459DB137357F3"
"images\knife_any-sheet1.png","0DD3D42CD294AD967DA4D0B8633E3D94B661A6B3EB01EA44BC0B295FBD6AA311"
"images\knife_army-sheet0.png","FAD941FDCE41C0A819B4E096E392C272C24826C80DC1BF49CEA1E2E676136809"
"images\knife_butcher-sheet0.png","D868E0B52BEAF603FCDA5E904878FFB70D23346340F68A55328EE4EC2DA52408"
"images\knife_hunter-sheet0.png","6D1766C9503868B544AA9F1B939EA0FE2D98207DA8CD30B061AFA51DB7C74C0D"
"images\kot1.png","7EF83061E477888370BE7AF27669CAB106927EBA9C7672335B6351983A908074"
"images\kot2.png","4F246D19F18AF7A541A53F1827CF0ACEC0B0B344C1C85E3CA53AE5D2D53C1855"
"images\kot3.png","F7EFDA4FE9203F0E74832C692B12087B8487E6EF91784326062AF7511AC6349A"
"images\kvas-sheet0.png","08FE231E24B4708148352F68FECE2F3D615EA2DB24DFFBF5F621266C9B386554"
"images\l85_rifle-sheet0.png","2379761DD8EB8DB609EA03005D8551A1DD6B48AF0597AA16A5DC9A192A1E2849"
"images\l85_rifle-sheet1.png","8D457182096DD55B531BAABF4CE2A03146AA208FF7A7785EE671C39840277613"
"images\l85_rifle-sheet2.png","0EB83F611208E10B5222E91588E59B31EAC607A322EA97525C00D30A67671209"
"images\landmine-sheet0.png","45DB526E2C5E19BBFCA5631206608117C7068E87D873AD725832A0F258213857"
"images\landmine_deployed-sheet0.png","027BA6845D4449905A3A57A1AF20C8FC963B3D88B1516DC0E936E0F3C94AC5E8"
"images\lang_selector-sheet0.png","42CC912A88E8CE97C3ADC138956055F76B0C08B723C7944037E67248F9BC1F51"
"images\lasersight-sheet0.png","5D1E399CE7B1FF14C039AABF739568665B2301D309D618248A6ABD586DEA3EEF"
"images\lg_grenade-sheet0.png","05159A5ECD9D01E6B17D2D02E3686175A330803F3CF5A112305F0DF9803F14B9"
"images\lg_grenade_active-sheet0.png","8B076587321475AA202BAFB46D2A486D6738364A9A7311E37B0B2ED4827251F4"
"images\lighter-sheet0.png","5666E3DD53AFA4FDEADAC460583BC71B3E067F3899FF96FD440BB33D3098488C"
"images\light_bot1-sheet0.png","74B2AC696C0E5CE5FF68D4B8645556272D4FAE4E1D1597F0273B51E9732E331A"
"images\light_bot_friend-sheet0.png","DBC4C35C64652EC8DB78D03DF78DE16C3351CB9FECC47C0C462DEE64E04F94BC"
"images\light_color-sheet0.png","4E4F7DBD600C3A318D4692AE73BCC56BB550F43FBF9A387EA0AAA1229438A1F8"
"images\light_nvg_color_tiled.png","D255D07139A3C7D75F7F96B1645B50A633457E970AA16B1EE06B185AD6561A81"
"images\light_sprite-sheet0.png","3B9EFBE19FE0EF4A07DF952447E805A5712D2EDBE827E7D4918B09F603C00039"
"images\light_tower-sheet0.png","7738FC762E9781E8DEF8AD9EF482B98AE8DCD5EA53146ECBCEE88F3FC47B697C"
"images\loaderrunner-sheet0.png","DE391C172B0AFC163D74624D15ABC06BC67A5A087ED956FA0033A576FD3A8ADD"
"images\logo_welcome-sheet0.png","1D016320075C0D357B4BF67A221E8CFAEAC3E30CCC2DDA6F03C816E1A0ED7F78"
"images\m16_rifle-sheet0.png","53F4E1FADB71C6557051C266983A3147A38ACCF0B768DE91ADF3864E64EDB96D"
"images\m16_rifle-sheet1.png","686C5D2611CF5D3CA49AD6A35D0A4C32560B229772EA8E58AA18973CD882E21D"
"images\m16_rifle-sheet2.png","EE3DE68A2C6E80C85590680EEA1059D27BF390CC2A19839BEDCAFA0D11826D06"
"images\m203-sheet0.png","7614C0C0370B8516148F3DF7825177FEF1CB36E032F944C648CC40A9DDAA6518"
"images\m4_bullet-sheet0.png","6779F28FB98A9D23E866CC84EF674ADD2F94C28D3E9E7EEFE859594849C3B585"
"images\m4_bullet_bot-sheet0.png","01782A5E1A7840A2B458050502C3C0636F58E285207CD6129C3002E8CC0AF0E8"
"images\m4_rifle-sheet0.png","19ACA6FBA218B647E4FA522472D706876B6A9E41AA47BF9ABCEDBF730C91117A"
"images\m4_rifle-sheet1.png","82FB10F426F6E0CECDCFA1BE6E9A596394EB222530B47C1F3BC14A4A6A57AC8B"
"images\m4_rifle-sheet2.png","8370AACF6D6CBE07757D3370E25AD3336F45116D0B9C234EA8BEBC15A8C55694"
"images\mac10_pistol-sheet0.png","383C947AED80E0027918A477BA3C40C6B51F5FBD54989CB73C63013B020C3491"
"images\mac10_pistol-sheet1.png","7A29EA0B71717B1B2D7BE3A4E04AE71F6E5F15821ADF0A051004A62712385E7A"
"images\madsen_bullet-sheet0.png","5398144E1519E8365B53D02070AF440AD0DA3747790DC243C8C1FB7A90DC7054"
"images\madsen_mg-sheet0.png","7B8330067559AE14E12942CADC6D2CBFB05E73FD6CD0CE583FD2259D1985F9D8"
"images\madsen_mg-sheet1.png","33EC074014D8D0D564C71D397D325FE4A7D63EBAB3C2C82DFCA5A2A27151B7DD"
"images\madsen_mg-sheet2.png","23D893BF5F89146F006E09616F3B9B8B5BFC1699066A6FED1446BA418A61BEDD"
"images\magnum_pistol-sheet0.png","153F6CBAC230EA9EAEB86929311BE32F6D629F0C57956F1082E188134993BDEC"
"images\magnum_pistol-sheet1.png","64BB0281E74001D046468EF0DF182F965E646547D2ACC6A9DE205CB497D29C49"
"images\main_menu_achieves_back-sheet0.png","A52FA7FFA9E109C3CA6D973213A620237BE93B5AC0C535B3C91A9914C65BE1FC"
"images\main_menu_checkbox-sheet0.png","F356FDAAF4AE6CE195499E0DB07CFEF5AD3B468FC814196C02EB3424B9F86F61"
"images\main_menu_checkbox-sheet1.png","58F6A0DC03094E8ECC93AE74DDD1C13222B56A958AF63C9547CF827004B06969"
"images\main_menu_item_icon-sheet0.png","1B409B128F7EA239B6EEE96DD363DAD68823CE1185F5A57AA30596653F02ADB7"
"images\main_menu_item_icon-sheet1.png","2C89CB8B00DAAF59CEDCC81E0A9672CA8096B5DBC45314E67AAD5C47974DFE14"
"images\main_menu_item_icon-sheet2.png","61812CC084B044BFC11566723838D5082769B56740D2140B24DC41A19F6D8252"
"images\main_menu_logo-sheet0.png","E7AF35B692233F53D6F24AAD689796C68F77D3E25C05B395F401E00E2BB893B3"
"images\main_menu_wpn_icon-sheet0.png","95D250130C3D86F65C80E1CFD3272A7264122388EE8DA070ACF11B5C533CC319"
"images\mapgen-sheet0.png","68C43F9926388C7E393F4E4E020BC82142C39030830FFB99E97FAFF327D8FF59"
"images\map_element-sheet0.png","991361C388949C49BC8BA8F9F30C70D5429E3F0C80CCA53ADCECD16A8F91E3F3"
"images\map_notes-sheet0.png","74A964128C6F16BC9643CBFC3645702296CB07B3B45FB3846E929A223C3ADBA8"
"images\marker_secret_location-sheet0.png","2EE4397697B17DC56C814214B1D4CAE22D5A2D4B951DACF6F543955419EE4679"
"images\matches-sheet0.png","EBC03BD4676E3D6C8865317C2E16A3C5BB5F4746EDE9BF928F7DFD3F9D230C7F"
"images\melee_swing_general-sheet0.png","81137265D54A84D9DBFF40102277B693E41524E146131BEBE5323B4E34A64A82"
"images\menu_achieves_bg-sheet0.png","ED868A4F1E1994372A3D0487E0B587D92E7F7DD683B2A386A3A58C1437907BC5"
"images\menu_bg-sheet0.png","E8B83FA3399DB99473EDA60CD63A8568ADDA594FB024CFDB4A06CF27ECB02302"
"images\menu_btn-sheet0.png","78889226E8DBB3C6101F6B49E17A2B6A5604670222FE9C7340C009C9D9003E8C"
"images\menu_btn_wood-sheet0.png","B5A6BDE71E9BB27FBD7CAD979C763AD0C323CF83BA6D729992ED0F4E8AACA5C5"
"images\mines-sheet0.png","43D36EF17BDBF9ECA860BC7863F3A5304B0DB13D816FDF882E622979CFD9F64D"
"images\minimap_dragger-sheet0.png","2C9D21F6269049193F2EFA65FD78AFC80B7E9DAFC853742D22B547BC5F412357"
"images\minimap_hint-sheet0.png","705DC8A72E46A9AEFEA3E69896BD4C64DDBD72E64FC5E8E7E1F0C283970F0479"
"images\minimap_mark-sheet0.png","E2E1CC5C9CEBA8BF8E53C8B4B5E50BCD62DC1AAAB12ECEFB5BE91367CEF104E8"
"images\minimap_mark-sheet1.png","EE52D7B7444708CD359D88F360B6B79805BD9CBC053642A6B67D8BD213EB27A0"
"images\minimap_mark-sheet2.png","9E2F9FE3CEA0CBD0462364B5EF655E9121D7EA8E1FB6FB089E03D5C2915A5CA3"
"images\minimap_player-sheet0.png","B1A5F8F24B21A9E47671840163B42131839AE9A25047C51C74DE39F58FEC54B4"
"images\minimap_tile-sheet0.png","D6DA06188C7B3C691E1E87AB976226DDB42B175B1364245712287409B3677BBF"
"images\minimap_tile-sheet1.png","4B1F7D2A9402823CC1F1BF0E7D0A77C0175B648348B7E24D79C63A88DB8425B1"
"images\molle_vest-sheet0.png","7E24E1A8803DF19A957D8FB4FAE2ACA2DFF0F9DA1A3B950F4D80AB3221219D15"
"images\molotov_cocktail-sheet0.png","CB9E14BA81B0E077C3B2FCB045BB746F493523E3A35E1D90318E2177E01D1DB1"
"images\molotov_flame.png","299CDD073D03C079D158D8A6766FFDBE843A3939FC9DD2DD20739F9A58219585"
"images\molotov_visual-sheet0.png","4BD60E382B4C9586A23CD933BEE24139D14CC6DF613F1C6D9AA4D8EEC17C1D8D"
"images\morphine-sheet0.png","4ACA8E08FD88A26DF19A6C72E92798BF22147120060D3479EF75932AF5F78990"
"images\mosin_bullet-sheet0.png","745A81BA2B70204638EE7F3EC4621B7D98901D2B49356A3FEFF4BE755EBF2C89"
"images\mosin_nagant-sheet0.png","52A01BFFD892B8ECD757A6A039C02289549CCBD61CC5843233FF25C1C66A2F33"
"images\mosin_nagant-sheet1.png","F1E648C5428D38B84E5F34202B72F0687A0DE3DB4BE0D8D4AD97E643AAE9B318"
"images\mosin_nagant-sheet2.png","6523E727734ED5413E72726456FE44F4E8AE6F24D9D7DA42796EEC6EA7AD1FB3"
"images\mountain_backpack-sheet0.png","5B01A9CCFB42F777FE5E73A386C0F95EE10F35DA868171E25F19A8591ED45026"
"images\mountain_backpack-sheet1.png","A60E1BEF42995A45E2AFA85857D6A1139C1A04A401282DA9ED9833C42EB320F8"
"images\mp5_bullet-sheet0.png","CC4F7108E6F049DAD1B72DC9A7A43B5F0C21E88F9B04C28D68AE9CFF04397EA0"
"images\mp5_smg-sheet0.png","B55E03ED76AFA460741A72A8D217139F948972DC7A0E7BCCBF800A1C5486BCF5"
"images\mp5_smg-sheet1.png","A05387E1CD0B3EFB87C7B250794D40B9221E14A42F606AD4D097E7DD0459E184"
"images\mp5_smg-sheet2.png","B507D7EADC198409C92376319F80C5B5B3320977D4B927A845A1D62383BDA515"
"images\mre-sheet0.png","EBEA2806C3C6DB445B434643C578894BCA0993014E17D9B2EE9F599A50CD9CCE"
"images\muzzle_dust.png","BF241F11948C8A298012A4DC5C5B67109A2AD397AB98D57A0FC4A5F2F43B5DDD"
"images\muzzle_flash-sheet0.png","7F5C81C3D9F6AFA41DD45382024CA40203D16284B85E9F440825681B168B24EA"
"images\muzzle_sprite-sheet0.png","91F8371B067EEF8E765FBCA9496B919004EFC98C7B7B5ACFC785D64971DE366C"
"images\muzzle_sprite-sheet1.png","D9821147DD8FBA8B5E03D3F4AE3841A5D2872607628A5E11699DD6E2275535F4"
"images\muzzle_sprite-sheet2.png","3EBF11F3F3191B67405F97A662CA97941F911ABE121CA66DB0651F2E6E4F3ABF"
"images\net1.png","A69382EE7B460C3F5A1BF859EE2A2E81F8D0ABC7CA646DC4E021D6EC1056B1D9"
"images\net2.png","B90FF9A42F53904A3CE43625FF471E91F9CEC667E87952F3A62B1DD10C718E7B"
"images\net3.png","D9E36E96E4F09115B608E3023162AFF278F88A09C72A024269EDA1787FB174FE"
"images\night_overlay-sheet0.png","866E3F9F4167D38327237A2690838CF46CB6133C9FD8C74F2B0F042373E36CA3"
"images\nik777.png","9F8A199CE92E7865EE67501F03235C500F6423E93307D89DCC17947C06054B68"
"images\ninepatch_achievesbg.png","6E0BC82BE6E5AC4CA53AD4993CABE721FA7E03999E15040DEF6F9FF850DB2317"
"images\ninepatch_achievesbg3.png","6478011E310D8375FDB72EF3BC144644A37B60A616F7177664DBCA00F4F8B56F"
"images\ninepatch_charactersbg.png","77A58893F345D45C2E63BBF5B7BD6A72BF462DD36BEA7616150A89F47AD1B263"
"images\ninepatch_loader.png","0DD7677E920557E08879DAED1834ECA7C91DDCD839D38C5D56E01C9D86A5DA06"
"images\no.png","A69382EE7B460C3F5A1BF859EE2A2E81F8D0ABC7CA646DC4E021D6EC1056B1D9"
"images\noice_debug-sheet0.png","7C7AB53344CD593D00C1C442C299C65223C48FA8272FF5FDD4CF5076337548D6"
"images\notacola-sheet0.png","54725C408098F2ECB88DD614C703A95339690DA121EA9D56B18F65100BF47126"
"images\npc_hp_bar-sheet0.png","373683680EA5DD9F2A3C07887B0311ABEADAE5F9F2389345A54C8759816858DB"
"images\npc_hp_bar_bg-sheet0.png","8F9916D505E7D571B403BEE934022269D8E7041474FF19C33F869D979D540658"
"images\nukacola-sheet0.png","36B8B0241A5DADF3A2C744504DE1E1D438E12B84CCE0D49DC5278BD84B436572"
"images\obst_barricade-sheet0.png","378B22954CBE8014FA22E5531B4F0E7E4DBFEA5A17DCB1814319C28368B9C9CD"
"images\obst_base-sheet0.png","366A01C2F68D530F0B1F648469AF9144D08E2E5455B9352B3AA67235A1400C41"
"images\obst_base-sheet1.png","03B830283F2C3876B8DBD3B3418F5B1ED812ABF779AF02F84409C5D2E53040F7"
"images\obst_block-sheet0.png","D5F8FC10669BE997A3B430F5248359C62278DDBD2925331AED23A468506B1CF8"
"images\obst_block-sheet1.png","10ED458CC015938CEC78779B96360BE5D9162710C69BEF327F83AE458EE827B8"
"images\obst_fence-sheet0.png","0F9DF86C16BE33CAB50638AB885936EAFD897233A41620FF6851C304601234E6"
"images\obst_fence-sheet1.png","280EE6B0D3BFBE25D5B0413395216D8B8256CD67096E1FD3B7DE0A3B9395D992"
"images\obst_lavka-sheet0.png","64ADB30C9AD24171DD6B406BA4429A288F759A77B76BC9BEA89C77C8630B7334"
"images\obst_sandblock-sheet0.png","E1E099ABC8975A1F18F0FFFC5CA5AA518AB20031D9226F3C1DCD39CC314E8662"
"images\obst_trash_container-sheet0.png","2488272D014997EE10B2241662DC11D453750727FB2D5383E3C9695380500549"
"images\obst_trash_container-sheet1.png","0A1EA3C682852C90C492010BFA40ACFF0C7120E8722DE06E0D12C5F60D67B86E"
"images\options_menu-sheet0.png","B33619343D97569ECF14DDCCD10152F1FF3B0907415CD0239DE5721722374845"
"images\orange-sheet0.png","29A6AD44EB250F9E48B2C0E9ED009199827B05F36ECF01812A42BA53FB5C8632"
"images\orel_jacket-sheet0.png","3C9691D64138EA3D46FCF71B075E40CFC912043553DB19C258440AAD9AA0F9C6"
"images\orel_jacket-sheet1.png","93A5E640DB8E30FDCC7A29801CD667CBA26C68A5A0AE10A6359BEF625C58E1DA"
"images\orel_jacket-sheet2.png","17CC6361F745AC71E4E85E68850E6DBE81A15AB0CA0F36DB7D00089329D0F802"
"images\orel_pants-sheet0.png","CE868C46D796D04A1ED43C5071869ADBDAC62FE233BB438C8B0269D2534E6B53"
"images\orel_pants-sheet1.png","310A41DB5DF651AAF0F9D653807CB85652F6D0707E224DEF673B0045E481020B"
"images\orel_pants-sheet2.png","4A574FDBC1A42706A7B82B66E1A7B6628F31600E390120209A035B726E5C623B"
"images\pad_controls-sheet0.png","C5F05063F9BC3D528A915F854DC407C5CAB1372948E27FD88C5D179592D7BA4D"
"images\pad_controls-sheet1.png","AACDA98C738ABE08ECD5A07F33343B671F7B642B994CB8C31881AD5DDC0C1703"
"images\pad_controls-sheet2.png","8E4BF331EFB6A40500E31A2089740F31E44E35EDB4818EF2EDA23AA9FC6159F6"
"images\pad_controls_char-sheet0.png","ABBC020EE981C8EE8ECDF3AC85985FB3ED4AD2DEB4952584CFCEFAFEA52AAC2D"
"images\pad_icon_close-sheet0.png","BC8900F52F6584FD441000B7B1E61B71BBF178CB0FFBB62EB6CAF3AB6FFB32ED"
"images\pad_list-sheet0.png","4480520C12221F2FF5D262860727AFA9A8C6DF8FCEAEF5F5E92AC0B90DF7CFE8"
"images\pad_list-sheet1.png","982AAFDF63D9F25306246D8520C30B522F67E8FA9CC8378F3F1978F5B26A0D5F"
"images\pad_page_switch-sheet0.png","B85844E942AFAE20ABF3FA07EFC7EC603632E598BBAB629CD10E645B4C85091C"
"images\pad_stick-sheet0.png","F4E415D179F8AEFFB67E62D9DA86899059D53CD6FC871D6BEAD82F7EC8238194"
"images\pan-sheet0.png","BC73552B72939FE4D5C6B21EC99C8C6AE7605F7117055B60EC4B92AD43AEB2DC"
"images\pan-sheet1.png","246FAE3702F8B6D96D2F3808117493E6546817BD1166E53B1C8B207D3ACC5BCE"
"images\pan-sheet2.png","BB6E2CC3CB8416537E82EFBB36C095E487C1E8E93E8B600294FF2FA3D6E4C07A"
"images\panel_button-sheet0.png","83F22ADD0FF838DEDB192A002E65091951BD2660BE45AC00BC030A0C6EC0A86D"
"images\papers-sheet0.png","5AA62A408A7CBD7E78B81C8BFAEEB9E0531D1EA1F35AC0FA4E83CCDB313CFE02"
"images\paramedic_jacket-sheet0.png","5ED8942A527D575637AFEA1C7794C313978E14C53D1F834D8B483888C1AB2890"
"images\paramedic_jacket-sheet1.png","C42A8861B698AD4ACFC4573C9E6E188C476CF91DF59274B725145802EC4C966C"
"images\paramedic_jacket-sheet2.png","039B8077CB58E04E6FAA522B5A35DC99F83FF7306DE46106A717BC9629085D91"
"images\paramedic_pants-sheet0.png","15C7BD7E837FE9EB8EDF21089EFCC105B24AA2EE570B294B4ABFFF2F41613B52"
"images\paramedic_pants-sheet1.png","9C6EBD3143E16C0B77DCB5E124AE7BED8CAE161108B3CE9FDC2ABEC1DCE09889"
"images\paramedic_pants-sheet2.png","6722283860CDEC74BBA9FA4C934B115204C38B83CAB0F8F37C245C23C7859BA1"
"images\particles.png","AF4ACFE7837DBC42168F69D5C7D41511BAB137BB3CBA20943B85B1B998708603"
"images\pb_pistol-sheet0.png","ADBA9B8A75C199F0FB329A2B0A46EC0E755A751DC6161E7629C706BB751504B1"
"images\pb_pistol-sheet1.png","55773F11707D7CE8C3AB40650E250C42796C61C43462A1CFABB4FBD660F323D4"
"images\pepper_seeds_pack-sheet0.png","064F4C32281FB2033AD2342EB267F1877D6A1C3A1AB4960758901C5322E216DC"
"images\pickaxe-sheet0.png","D94CC6CE16F928ABC905B2364840F405523F856372D74D1E5455ED349A0519FD"
"images\pillar-sheet0.png","BDF4FAD58D00C480892FE9D1AC038B6F88A370D43042DF8C1414E9A9EAF86E58"
"images\pilot_fly-sheet0.png","3C61EC95298ACD091C9F73C4C50EC24E35CAF8805F5668DBB6E404D8CFB0497C"
"images\pilot_helmet-sheet0.png","96F43E0FA7D982260A6BA7B3EBD05342F4B8302D2F78D7EC707AA153EF38F25D"
"images\pilot_helmet-sheet1.png","FF647C4CB19D0DE39576F2E814ADE222661F4A44EDD66324B074F1F3B760BD0B"
"images\pipe_wrench-sheet0.png","1E40FDEEB60D90E0F00A35CB8F759E7FB292FDE5B88E59CC23CC426BD9769B8A"
"images\pipe_wrench-sheet1.png","46395F29018B906AC67F4636AE39B5CF02B7985B67FFF29FD36225FB48A0E740"
"images\pipe_wrench-sheet2.png","31DC519D0800E13DE03BEF38DF973B83F2EAD0BF66549200339389FBDAA096A4"
"images\pipsi-sheet0.png","EC9D6A51FC3C3230BB8C444FCDE023AA35632B0EFCD5A234205C49512FE35F58"
"images\pistol_bullet-sheet0.png","8E421A5CD9AEFA39EDB33530F2D6C38DF6A906EEC78AF5E093EEBD8DA5D0546B"
"images\pistol_bullet-sheet1.png","54D568841190EFBAD222DFDE471F9134DFE98E2626429C0413FF6D5B04C7C583"
"images\pitchfork-sheet0.png","096DF99F47130DF347E0D9C2C95BEBA1B3100B918F78AEF79873862E04F53DF6"
"images\pitchfork-sheet1.png","8753CB495DF92BD87282DC18D4C271B49ECEA74318332C0EAE4AFAA36BAB2457"
"images\pitchfork-sheet2.png","47832FCA06FFBBA4C6B10E696FAFBAD05AEA89EBDA4128F5060B5654A1DD13BC"
"images\plant_pepper-sheet0.png","0A45F18111B074CD392313DBB4848F9BAF8C6E35FD1B53DC848834459C97A64C"
"images\plant_pepper-sheet1.png","4D5D7B31F12CB583358B45040E01F76B52EAA07130D7FD8CD32FAAD61FE66EFC"
"images\plant_squash-sheet0.png","9BED26B2D48C85DEE66AFAF4AB7E8E468E7687B408F627BFAE743631703997A6"
"images\plant_squash-sheet1.png","36F4EBE6629789F700AE365BFC8BF1676EC6D940FFEFD0398A03F45959EE211F"
"images\plant_squash-sheet2.png","0A96120CFF7649F8E48B3358438D79E221D9E72C0E9898B5678F3539FDF1FCEA"
"images\plant_tomato-sheet0.png","D45710981A9BCF5A8FF019000C12B5FB60FD4493D3512270A60086D741BE0EFA"
"images\plant_tomato-sheet1.png","E39F07E05263FFB77BBD8ADB156037B574D57CC50F86983E51BADAAD83A7D11F"
"images\plant_tomato-sheet2.png","00DBFCB546A36C9400D18AB8D58E04759D23225CCB1B343053BAC744A22F2C28"
"images\plast-sheet0.png","359C2B2E7FA25289EB25F3D7FBCA8B92001CB424593B9B3156B53DD54F5EAEFA"
"images\player_base-sheet0.png","8A2F00868B855AF427421F65F8ADA2F265183473680E76D5D0CB52DBD8377990"
"images\player_breathe-sheet0.png","39B99F085F89387D29CF3AAA7B57966C1714E6889ADEA7177EF9B8544BE8C1C7"
"images\player_collision_base-sheet0.png","5B988DD109C80E535FD5F301C7FC73DA462538B88AD962735A48989FF42BFFBA"
"images\player_hands_asian-sheet0.png","3CE7E97FFF8C967EDAC3A40356FBEB07C00898B6332330B8B06AE61354BEAF11"
"images\player_hands_asian-sheet1.png","10BDA74F35FFC86F670FA237BD78D44CAF2E8936599AEA857509D5B616C2D6D8"
"images\player_hands_asian-sheet2.png","A07EE3C12379DAB9F77F95D9791BC86F3ED8082E762D34D76FD5D7788F833879"
"images\player_hands_black-sheet0.png","97B89C7C95CA23F307587CC1111B1FB72291618146EDFB8610B202654CCCBF3B"
"images\player_hands_black-sheet1.png","5C071B9FAEF624A5A193F5CAFFF8985BC122D0FD5B8F066CFB726D9D360027FE"
"images\player_hands_black-sheet2.png","FF4B9EE8950D899ED87A50EEE8F1D9624E5B66B4AFE898A3B47D37CF0E8EB56F"
"images\player_hands_white-sheet0.png","3A1E55E229639A36E647065E1197D99655FCA23EF9061C26DA361F046E0FB6EB"
"images\player_hands_white-sheet1.png","F954120D81728C5425EEEB307E906E7ACDB416139E134B5703C3EBD2A76CF9FD"
"images\player_hands_white-sheet2.png","FD4E7B16D59C253B25FCC5E737C365BA3AD8DECF93FB84081B0DD2EACF9354D4"
"images\player_skin_aika-sheet0.png","D9C54807182481659C25E9F5F0794CE2BFA61C9D273646B804279F0E42A00765"
"images\player_skin_aika-sheet1.png","223F99DB4429B9EC1CBE72019DC1314EA3224DB2450944150F0116A68401704E"
"images\player_skin_aika-sheet2.png","10FE551513D97C19743D697CC1F9FEF02777B5A5F39E763A55783A873A1C4A6F"
"images\player_skin_bandit-sheet0.png","9AFAA0C086F522D8671B3CC3C12CE17FA6F4BA199A127BE8CA8E15F87D63C07D"
"images\player_skin_bandit-sheet1.png","4F3D3CE307E91922A1C94D210EBA9796530A6B188BB4857CB6D75278E0CD7DDA"
"images\player_skin_bandit-sheet2.png","9254534D67F9768ADC9CC0A043B20AB21E14622140CE1EC7866C6958D4D21DF8"
"images\player_skin_biker-sheet0.png","CC34E1132860F874A3D43BE9C05DBC307F0ABD72EBA1D8DB6927B12E56519D0D"
"images\player_skin_biker-sheet1.png","D9703FA7267F743C8D7A3A902AA6F91AF3EC996E40F42F9A01755A3C7605B4DF"
"images\player_skin_biker-sheet2.png","48FE099907ECA01BCFD471AE645CBC1DB75AD80243A10716E3969189F5861F50"
"images\player_skin_boxer-sheet0.png","BB6CBC1B5E2909FBB36E5DE923183861887F449E2395C3AC62C2CA3DAEDBAAB9"
"images\player_skin_boxer-sheet1.png","9A4C5FCEC23F69D13F1FA639481C81B72B5BB04AFF04ABD313631CEA11A3B7A1"
"images\player_skin_boxer-sheet2.png","E9B580CCC00B82AA45F719EFDBFDD9449F26294C8A91ADC442242F968DF790B6"
"images\player_skin_dead-sheet0.png","354788814FB159F82908E1E25A29604DF485B19B18EB28036D704881D9ABE1CF"
"images\player_skin_dead-sheet1.png","3B748DA076D0504B5766F8923A800CC81105698F76576B9C4B760058ABFC9A23"
"images\player_skin_def_1-sheet0.png","E8174E8C43F5DAB9B732248B8FDEC6BFF91333D34D4D56673D91DBA618A8CCE7"
"images\player_skin_def_1-sheet1.png","6CE94AF4C0213BFC5B7C11C93B569D973A219CECBA5DBC5E62E5588CBEB6E596"
"images\player_skin_def_1-sheet2.png","3F81676B18B7B9E9916828A60647B9A803BE84A8F5D0DC30168630ACBE58718F"
"images\player_skin_def_2-sheet0.png","12F2F51357B9BAA556E7CF4EBA014876C22972C106E30580794595A429A47573"
"images\player_skin_def_2-sheet1.png","EF3722DA4B543A28054BDFCB99C1C529ED80D947E3587EAE245DC84C69E5C6DB"
"images\player_skin_def_2-sheet2.png","53DE682BF0A92624DA67AAF3A91372F0DD5B0D97F60A4B779881DA4ABF13A8A0"
"images\player_skin_def_3-sheet0.png","017942B29273B009F73EA4CD64B65A741DB0A80F4B10A2C9315E4066BBBB0BA4"
"images\player_skin_def_3-sheet1.png","3789D49BBCBC2F7FA63CFDE305132A1017648EA68469A12B63D6A2A5ACD9C77F"
"images\player_skin_def_3-sheet2.png","7CF44CD80E7FD9EAE9DD1062D11F3B1D1A948CBAE04E4EABB89CEA9800195581"
"images\player_skin_doc-sheet0.png","45673CD4EF149B72607F268B80C5BB83244AE98CAD7C1EB9EEC2CD79D024796C"
"images\player_skin_doc-sheet1.png","EA1C8B4B9D02E929FAA2A83F38C7E2FBDF9E8CC37937D7EAED541297C769EACE"
"images\player_skin_doc-sheet2.png","BA27766CC16475F8977834D45070B4048AF123FD4132C938EC29C8AA7EEE6337"
"images\player_skin_ganzo-sheet0.png","F924B482DB9DBE38C4C0BBEF3AAE58913A0BB6D0C35C7F18235994DDBEB21837"
"images\player_skin_ganzo-sheet1.png","D50515CF4B4DB349A49FD826B84CCA466E50DE6164F887379D2F6433A0D595AF"
"images\player_skin_ganzo-sheet2.png","777F378CAFA33B3A60EE5B3056B65791965BA033799910E33359F51201C9D04D"
"images\player_skin_guard-sheet0.png","2E57D624ACEC06A69251A7E363982AB8E36DCCA4BF362B9C4DFBD68F0EB11127"
"images\player_skin_guard-sheet1.png","95A14A8061382951A0F2A95AA99DD344EE08E71C80A5E26553D907F842FA4AC8"
"images\player_skin_guard-sheet2.png","DCAED87DE36E25D90389D55F0F1EC416913B115C6E408EE442B2246F8F2FFD99"
"images\player_skin_jager-sheet0.png","3D4102657D9FA918246C19E8939E709C0C2E19316F0BD916D68895EE18A1E9EF"
"images\player_skin_jager-sheet1.png","63CF9044E3F9191A2E5CF7F1F58CE89DA709F7DFF9E281C9F207D1A3961F9C4D"
"images\player_skin_jager-sheet2.png","740D6FED639FC3D067C9E8B640A1B4179F4ACDD41221318C20C7FDEC206C59A1"
"images\player_skin_jasmine-sheet0.png","AED8B15F2D3FC6B616D6A7C4B9E324833790BD48B506B0FB74F2A7E432A08956"
"images\player_skin_jasmine-sheet1.png","ACAC078E66AA967057D5661D87EA1021160DFE0B8FAE14A194CECB21D2078EEA"
"images\player_skin_jasmine-sheet2.png","BBCD7CC6D6DFDB53FF0252E2C1A9CCA37DDF403B958B8A97C398C3CBF7E814BC"
"images\player_skin_kate-sheet0.png","0265CD706186C686CAE392EE66B2CF9623F4B832A72C09CBFF3304A3685BF2A6"
"images\player_skin_kate-sheet1.png","C7A2C643010B4D1BB9E79A3E4EADFC8F64B3D4851DD59E08C3F4489687C08692"
"images\player_skin_kate-sheet2.png","04892DFA8CAFCF1CA45C4DFD348CF211B6E224D1B92964D6A4E30A95BC94D4C8"
"images\player_skin_maniac-sheet0.png","EC5D38A604A953A2B9B7ACDB13073BB33B090AC5C20E28AC6C3BC58C5FA25CDE"
"images\player_skin_maniac-sheet1.png","0FB7A8D490070998C9AFD594257B12EB1849E4C844CAD20A276FCAF071C60C2B"
"images\player_skin_maniac-sheet2.png","A368FFC41E069EBE21DC9ECDF8C53A5472A3AEA55BFD7998EE0787422012614E"
"images\player_skin_mike-sheet0.png","3BB4835BCB6D56C7349496407819FFD08786AE74D7B7105C4E6EA2CCE4956524"
"images\player_skin_mike-sheet1.png","CE897994795BD20AC4E10C32A02FFB373D02AC85C16B946F840A2860970B79B7"
"images\player_skin_mike-sheet2.png","F474CCC0FD397CBC6E7D68E7DE72119965D77079002357C35CDA1705C5B4FD91"
"images\player_skin_pilot-sheet0.png","FFE2F1B19387EA937B701EB74F8B3FEF2E81F325658F0EDD083DE44639639054"
"images\player_skin_pilot-sheet1.png","705C37D2825BA8AD5217CCF74AE0E39B165EAF2947A306297579D3D34C92920C"
"images\player_skin_pilot-sheet2.png","62B8A1B03E077F3651553A8C905AE83DE80C3F38D00A6ED93ED995108C2996AE"
"images\player_skin_redneck-sheet0.png","33C82090B0DD5F5D01BD9F09097CCF915D1A30FBEE8712337846EF33B7A2A019"
"images\player_skin_redneck-sheet1.png","BA3579561F930CD7B5D7B32FF6756C0CD270F2034909D0B9B3A030B0AAEC2956"
"images\player_skin_redneck-sheet2.png","3AB68B4FDCAF7E15A0EBCC31A484897D02BA95E4D328CF3D32F0A079D85B448E"
"images\player_skin_scientist-sheet0.png","6F6A70CEE2DA38E03D27F5F9D5E49ED86F33EA966D6E177BA890AF37DCA3EDB7"
"images\player_skin_scientist-sheet1.png","93A0B72663587FDF1E9D5AC45C01623C0E3735AF64E3EF60645577179B04A814"
"images\player_skin_scientist-sheet2.png","5991451F1C56A0184827284A7B88D4AE61C14981AEA8099E8A9CA25A9E1ADDE5"
"images\player_skin_survivalist-sheet0.png","2617288EAAA269BA969C85D62B5562B77DB1FD32F7C077F4568711734B738D63"
"images\player_skin_survivalist-sheet1.png","B0455710D34FE87F9F2A3E48137FA021A9CD8B31CD0D809E452A1E4EEDF32644"
"images\player_skin_survivalist-sheet2.png","B7E47758B5B800463589D081E9E882F9AB32B7A336547ADF9804DC1155CB11B2"
"images\player_skin_veteran-sheet0.png","DF9B8FBD731539EA5817F65C96341F716031DC8CAB7736DA6BD42A2548CF5582"
"images\player_skin_veteran-sheet1.png","40EC64C4843D4726B8C3407A771C4A8400F751E3A22D6D3F7C78626A1CB49DFE"
"images\player_skin_veteran-sheet2.png","6741A8FB218777D5E4408FC933EDD7B6B2318B152261A98AF4EEA2C0FBBD48D9"
"images\pm_pistol-sheet0.png","9569C3EB5CCBCB59E208470E527D518CF0F5DCD7956593E61935616CBB748C86"
"images\police_hat-sheet0.png","DD652CEF876A2DAF40E2C92137AF4D4A10B5C018EF437BB546B2FFE62D6D722B"
"images\police_hat-sheet1.png","F08F53626DC0A09630FBE0E19E627F7E0FB68E04165575C1E70F9BB60E74F611"
"images\polygon_target_base-sheet0.png","F1E45FFDCDDF0955A09076BBBE9C3BE52EAE61449D9C70F5DFAA755531C05080"
"images\polygon_target_body-sheet0.png","CFCE048E2CE608ACC4972241AB357CD92ED4896EBFA060DDB33AAD6D8FC952A0"
"images\pubg_blue_zone_gui-sheet0.png","093D74D61C231DC5BD171F2DE50435C245EB513317C6E4D077E7FF46E69D4743"
"images\pubg_safe_zone_gui-sheet0.png","2A2FCC85BA830802FCBF263595CF926CCF8E7A2AB87B58EAF3410BC1A6A95708"
"images\pubg_zone_represent-sheet0.png","C94E2CA9EB20E61D618313CF1D4D56ECBC5A6F215513286246EC40657382B3F8"
"images\quest_case-sheet0.png","E8D881BBAFCB27DF2AD016AB2197155A911505A10EE01FDC63E611AB9E03EB10"
"images\quest_icon-sheet0.png","1DB4CAC9DC00C26A303688B989F129D0A6C88E8430411FF901517A3AE3F1E160"
"images\quickdraw_grip-sheet0.png","91D8D514FE178FB2E30FC249096ED9D33657E743E0EA6AF7FF1F273454B430C6"
"images\r670_shotgun-sheet0.png","EA9E24C095654610C3F84CBED08499A6DA2694CEEB91164A6E91FA4E1C439073"
"images\r670_shotgun-sheet1.png","38B515BB4FC42D03AB279B25140DB0AE2769EB217790935DE2F97A7723821884"
"images\r670_shotgun-sheet2.png","1E3DDC6A6CA5E1289C7337D6BB985DB9A730BE45C625D20D79F799C0E906AFB9"
"images\rabbit_dead-sheet0.png","B378E9E5D389056E02FE29B26766FED0AAFCFE91F5B012ED9CDBA881BE24418D"
"images\rabbit_dead-sheet1.png","0F2197FA00928835BA4D3957C8F44F84D3794F06BEB23CB922EF73AF614599CB"
"images\rabbit_dead-sheet2.png","F54D6D18A7A7A060486193E105F88C7111F71C73C0721AF836BAA2747D2A6C4B"
"images\rabbit_dead_done-sheet0.png","93B3DE3FD07A3CB1231BA29676D5FBF7D9A04FB316FBD3F18D5A9C4DB7C18943"
"images\rabbit_eyes-sheet0.png","80DBB0E38A443112B804B36B975BE5E9DD0B8A388FDAB2C8386552A78A8F4AEA"
"images\rabbit_skin-sheet0.png","DBF6ED3B81A7B5C71490BCB1D816BDBF5153127A34F2B308D2E500032C392690"
"images\rabbit_skin-sheet1.png","C223661A270EFEC99A7A3C7DC6504B4FD3C75BE2F098C574739D05D9A48EF2F4"
"images\radio_item-sheet0.png","E135645FB5E6DE2D68148871A3E169BD5BFC21F44338EF3FBBF04CC3303EFBBA"
"images\rad_zone-sheet0.png","F310D632049DDCD6BE8409832E4D1DABF97AB2D0E83073CC4EA53ED6C9B7ED7B"
"images\rags-sheet0.png","D471A86B8D12318574B84D28E02BEC9A0427C3F32B044F4EDA78BA75C8CDDE99"
"images\raider_jacket-sheet0.png","AE937B6DF979786E953817EB35C1B0E41D5FC1A34BEFF2093C737489EA85D9EE"
"images\raider_jacket-sheet1.png","B04EEAC2FC98BE0E490E1DEA5D57DEFFB637D594014F02F57EDA38BE137DA5C9"
"images\raider_jacket-sheet2.png","AE0BB474CC26B75D91B1478DE9A4074CE853583572974052DEE674DB67D86FBF"
"images\rail_grip-sheet0.png","BAEA88113FAD2AC74C8CD620AFB6E7B3993D48ED57D6A0C5C93A70B4B1E09F64"
"images\raincoat_blue-sheet0.png","1F74A6F87EEF6287C41B3E8C3770C9067A7144C764262F211EA582DFA4EB6B7D"
"images\raincoat_blue-sheet1.png","A525AAC5193A4F3F8C00074BD4B13157E0F9376F5F2DFE2F41698614F7B9F5B4"
"images\raincoat_blue-sheet2.png","2A79431326878109C0548B02699B18E8CC6B8E80D6BC8EB6D893CB120E81F143"
"images\rain_fade-sheet0.png","9050EBF340ECEE456CF546ECDF6E3CC58DC45AA381C091BF2B707C76AFEDDD05"
"images\rain_fade-sheet1.png","62C318AA50B513E1D9CD0A09F0AF0B82D9EE571AD4977980A5BB9AC2192745DE"
"images\rain_ground-sheet0.png","2FF53B0FF064F87842A6309F3B800B43FBD94EB46DFD7C3C0E1D902B6E7193A1"
"images\rain_ground-sheet1.png","59161E2D6F02A4BDD12443CEECA2CB6054A0CCB2AC36FAF725A38F8E845C5BAF"
"images\rain_particle-sheet0.png","636DDA10F94D4990736F39A08554002FEFC716F032C44326AE3C18C8D575F5CC"
"images\rain_particle-sheet1.png","017B2AD966193B8DF3D32679C2EB2CAF2179AE2F33255FAA22453E6C8C48E0A5"
"images\rare_colt_pistol-sheet0.png","0C27F2EB7924A9B7FEAB7B6D0B7471C099E3907B403A807937CF4D5B07885FDE"
"images\rare_colt_pistol-sheet1.png","DBF27153BC37FE4A1353D1B6BDDE08A1F413E26D7B43D2786BABDC397189EE41"
"images\raw_rabbit_steak-sheet0.png","0B3AC7656E2588A3302EE54B35E18943BD9A144D12D9519644077BD85587E20E"
"images\raw_steak-sheet0.png","C769A45F662151BE9368E0F32D557100074F1DBC74E29E9302FFD0A9DDF5E43D"
"images\razgruz-sheet0.png","C1B8921BC0B8AB683A8913C93BD9D95BCD28EBC9B4B5D8B445059BE1F715A996"
"images\razgruz-sheet1.png","9C25DDDCBCF388AFB98ECD02523E0D4CE2BD2074D1E7C2FBF79E200818CEA27A"
"images\razgruz-sheet2.png","5EA503802A751795F76DBBCFA9A848C7E3835272164EA4C220AEB70CFB7A479A"
"images\razgruz_big-sheet0.png","AF5E690E0700192B05700FB17C6D17C3F646A8D7B41A1A979B817EE2F066F27A"
"images\razgruz_big-sheet1.png","D9752ADE6C59CD744F5FD52AC85956E95ACE3330284C0FBA77E35402D5914E08"
"images\razgruz_big-sheet2.png","60CC20A9FF65C20FB692A4FCFC59FFC99EE6AB84A192596B3F077693C6ABCE6B"
"images\red_zone_core-sheet0.png","F1740DA96C7BED66857666171293E29A9ACF572A2DC2ED7C224B698BB69E3B29"
"images\red_zone_explode-sheet0.png","54E3C7DA254B20E0E84DAC83B5C1406215243D190D261C05ECCFAE6D9BD207A3"
"images\red_zone_minimap-sheet0.png","AD87E105B42CF2E0C1DA6D97FF516C633096033E5104ACCD844440F09C7F94EF"
"images\reloading_icon-sheet0.png","F4D115983C3BF73621AD2444D67CD894A7613E3BFC97669D37D41C020F59874E"
"images\reloading_spinner-sheet0.png","29FD7F9AD07BAE78CAA406E2415E9143E6D2CB64CBE0DF7D13789E77BE5DC93A"
"images\repeater_rifle-sheet0.png","71796FF1CA78A62F55B59F1337C1EFE989B50FD0C7B54D9213D318F6933FF7CE"
"images\repeater_rifle-sheet1.png","1F0BFEA67955CAB710250CE6052482B124CF4FC1F03F7B9AB18445CC1F3D4778"
"images\repeater_rifle-sheet2.png","1FE9077477EF773E7242BE03D43245ED1A6772CEF02746122CC3C305F1217B94"
"images\rice-sheet0.png","03E036289FAD3A648B82CCDB84080EC1510E95836CCBC88EE48EC6ABB4F4843F"
"images\rope-sheet0.png","25B821C2F9C88375D36DF3F36D49B284F6FA9ED3FA1C5E65F02BD02E9F539D89"
"images\rpk_rifle-sheet0.png","8370ADE6BF16D511C6D4B86A8FD7DC1D3E023CBAD197675D4D3EECD420823E79"
"images\rpk_rifle-sheet1.png","54BB95786344293F6F1E554039C128321C3F7BEF79029E3FE63B9F4F531167D0"
"images\rpk_rifle-sheet2.png","3AF943AAECF2B5F0E65D053BE6519D74ED937C0C18AE9DE02FE72050931B6F69"
"images\safe_zone_pubg-sheet0.png","E7F547A3AC3A5C05A75B069BF05629305D09584663638DD7213941E5561A345A"
"images\safe_zone_pubg_blue-sheet0.png","7BC22E135BA9D1BB1A9773D6B21E184D070D3157FD00705978397D3724669F81"
"images\saiga_shotgun-sheet0.png","E208CAED3E4E8FF9CBF6108FCA060C63B58293B2A9AA9BA407ECFF331B9238F2"
"images\saiga_shotgun-sheet1.png","8649CBA58A80CDC4E097BF7AC482520663919349303D8E0C1CFEC0245DD68864"
"images\saiga_shotgun-sheet2.png","EF8AE3676247B22EEBA3C524DEFE6C086C59B35865E567AF6E6F5DFAEB4A8EB3"
"images\saline_bag-sheet0.png","75002FB97075B628EABD8C274FE50D9E8FFAB6F12E1A86212D44E248FC079CC5"
"images\sawed_izh-sheet0.png","C9D9AA9B03CB6A8D30FF2FB0B3A152CB98B3A32F1B9211FE41B9D8AA9BDBBD78"
"images\sawed_izh-sheet1.png","CA8E2FC49A2206F0EE4BB63B32FD91F6D07BA9E38F51797AD33B5559ABF71812"
"images\sawed_mosin-sheet0.png","94C886EAED9C9A5746905915C18DE9656ED3832C102CA5477DCBD5EC9C960201"
"images\sawed_mosin-sheet1.png","29880D6FF7796A165FA05722061F4310668F793352CC232B30198D4D1A0382BD"
"images\sawed_repeater-sheet0.png","7176B6024FAB5B745DDFA67F4C711AADC034DE2A99DC4573F33D4B23D694C890"
"images\school_backpack-sheet0.png","692526503E3DA8FAC9C259C87A3403BFB0F30A37D5208833FC7F054D6CFB1C72"
"images\school_backpack-sheet1.png","F8E504EDA1358206950B7F4FD3311916A36DF4EF084EFF2462EE3BDCABCA690A"
"images\script_zone.png","C709CD9987B4E38902104544E41D6BF05FF0CEA1A0F542BB4DDCBE8D89A94ACC"
"images\seed_btn-sheet0.png","679969196F923DBC35F2FA161A4611C45259529C6A5A4D9A35A22A872602040B"
"images\seed_icon-sheet0.png","0A3589CB3FC7A48898D46816DED8AA6CAB34BAFBCBD5475AB17663495C484B40"
"images\sewingkit-sheet0.png","F1E074E9B2C628A7127FF50ED5064BA391AEFBDD56A4AFB1DFAD545DE3BFC2FF"
"images\sharper_stone-sheet0.png","29BE63F11EB8D9F0D735DD28794AAC86D95518272F1A8DCBE44FCF500513FF8C"
"images\shield_icon-sheet0.png","40F08748A5287B870F7DDEC8B72EF7F4EF2B807DB6558CB99B15D3A941145544"
"images\shirt_gray-sheet0.png","85833E1C53D8CE33ED7850FF92CC8C4E791F8D91DA0DA665C6F0E31A2D9CC0E0"
"images\shirt_gray-sheet1.png","850B92AD3DB140D2C44613ABA3CA4E2A54BE6FF530D86BAD14BC3182D08C6764"
"images\shirt_gray-sheet2.png","5589AC4CD29CF0812FDB890CDD435A9AA500657B0691DEC2527B6943A8C263A5"
"images\shirt_green-sheet0.png","911E2262F9FB8D6F1C129A6C3667805FDD5342A829BBA6477854F08309642BB6"
"images\shirt_green-sheet1.png","D02BE9373AF482F6A1625CF3B876BBFA4DE92C2EBC12ABD986A928D4FD068D4A"
"images\shirt_green-sheet2.png","170B22988744E743D32CE90DB34FBAD927C44AA8F0B20FDE58C1316421434557"
"images\shotgun_pellet-sheet0.png","F57838C534EE4D13ECCE7EF4EDD806919F79549879382BA6118D75DCEDC9E883"
"images\shotgun_pellet-sheet1.png","7BCF3BB1194878085194C7D9BA2F87627D68EAEDE29941E3359FA9DE3CA18BE4"
"images\shovel-sheet0.png","ACC367012A43EA9722B7F4A578D65FF45551109F14681AF009AC051F94F9003F"
"images\shroom-sheet0.png","C71051B7F3ED40EB3C6648F2A5A328F7C17A398E847FCEEFE22F0A2A0B287219"
"images\silencer_east-sheet0.png","6E386D3EDF0AE2BFEEB453D8B2C87A9DFD12158E0CFCCDF7B1080C7503C77372"
"images\silencer_nato-sheet0.png","B4BE246794BA20E0C4BD67FC94369BB0884F7969830C4318FA228508F97A0E68"
"images\sks_rifle-sheet0.png","383F7470BCF3723A93184FD0172F34544847987F40E7CB614A6CDBC21DCE28F5"
"images\sks_rifle-sheet1.png","B81DE2362355BBEDDBFF61A1589BC8B298D714C39618BF49DEE901DFB7D725DD"
"images\sks_rifle-sheet2.png","60720766770E84B8D9CE803ECD64E24897DEEECF0BD76115A012D496FF2BA9F8"
"images\sledgehammer-sheet0.png","896A6E539ECF20EC91577CECC97886A2E9ABACB9F972909C053503C581A2B5DD"
"images\sledgehammer-sheet1.png","0F729D668534883EF0AADF6EF21459BDFB686EEB85D94739140F1580F14C3200"
"images\sledgehammer-sheet2.png","57010785EC9E8E3BED57B5167ACDD7C40BEC68070AA40DAFAC750FBBA6EFD3EC"
"images\smokegrenade-sheet0.png","3B49117CAE910F65A9F34C2FCB5B5D807B06EEFEA15EE1DB3AFBCBFF56B739EE"
"images\smoke_grenade_visual-sheet0.png","BAEB735F89E7B1390BD18983A5133B79AAE51B6D035F4424035ED05CC1FD9CFC"
"images\snow_ground-sheet0.png","CEA9C668A59C8BDCA280E81E804E34C168D2F1F5D05E8B6CB138A0CBF69993D3"
"images\sop1.png","AE5AF1B5439836CA2E19AE1D7E9DE11D1A2BC198B432DC26943C943547E4A1DE"
"images\sop2.png","417EBA28F7037AB0DFE35EFA257835490DF667A3725D5CBBC7EFDA1D0664EBAF"
"images\sop3.png","B7A41B85C273E89C9E24B959D6AFB8A4497A8BA87E45C488083F18CB4786CBE9"
"images\soviet_vest-sheet0.png","1A92C4D3E4B1E2851E3365BBA8DA008E7D187B7E8BF97EA10B035790686E460E"
"images\spawn_loot_point-sheet0.png","41D7A09F0343879F86838388D25108D12218EC743B0C85CEA94E977F2A7ACD22"
"images\spinning-sheet0.png","668E638ED35702E8424DC96602D62365A3525E5F80C8A6190F3742EB63C0D1E0"
"images\spite-sheet0.png","4A293F649C93CECF59F2589B0CE83AFB29A6D51A45BC56586FA87614081F9663"
"images\sporter_rifle-sheet0.png","82851A76803B770923F4E7824045F85780482488E36725480C6B6319C21069E1"
"images\sporter_rifle-sheet1.png","F2CAF476819682B94C2E05FD560CAE4747487CF141AE4CC8D490278039352FA1"
"images\sporter_rifle-sheet2.png","94CF1FCE22EEE1FB026058E0908946E3781505B4A8D2D2D89DDA150B4D258AD2"
"images\sportpants-sheet0.png","FF669FF535B929654587F4D4F767B7FD3D0B7DC3B312C244B0CCE89019CBF717"
"images\sportpants-sheet1.png","6F09C585D34CFB22950F7ADF026DEB749EA5CDB725749868E84C709C1F768A77"
"images\sportpants-sheet2.png","D08E588A9414464581897DE61E45C1DE92D2038A4B283C145ED507ACF9A95E82"
"images\sport_jacket-sheet0.png","2BD88E0CA8700E2FD5732A94D074471B8363319D396B33F53FDCA360601552BF"
"images\sport_jacket-sheet1.png","4B0028E32A18037F2CE022316805045487D7E3D27374089A81F8BBB78F048910"
"images\sport_jacket-sheet2.png","1DCC3616FDB2A3CF169781035AA839013B62A604647EDD37E692E90A6E8835BD"
"images\squash-sheet0.png","5323C04C5905B1B3EB0EE9244487EDA7D5641BA38C2271818889493BEEBDA118"
"images\squash_seeds_pack-sheet0.png","993D47803595A4C933112922DE71B37E69B1CDFBE162C1B5BEC01EC635B5D494"
"images\stash-sheet0.png","7E4E081EEAE21ABA6D43B46EB47FD430D44C810E7824D83A81059C047D6B9FAA"
"images\stash-sheet1.png","246511810D6912289D2EAF44D4BF3706E9E3FF014473B2596DD6881882BDBF9B"
"images\stepper-sheet0.png","145AEA0B9BB157A463FAB92A100781DF352B32EFEBB48D227FC4D206CB2E26A0"
"images\stop.png","AE5AF1B5439836CA2E19AE1D7E9DE11D1A2BC198B432DC26943C943547E4A1DE"
"images\sub_menu-sheet0.png","7042E22FC6A8FBAC36325DA8E276C55E578533996E7CCD0BEA83770192CA7694"
"images\sub_menu_title-sheet0.png","7FFFC376768D07F24F868C1669068DF8089165A4D21D70E16EEE6C3281939AFF"
"images\survivor_book-sheet0.png","36718EFD8A6FBEF37A50350A3FFC22AE52211A76E1480277BA77D562BD97FFA3"
"images\sv98_rifle-sheet0.png","7E10D7DFE7E9409BB804417C44020ABA16C58FEB64496061F474802E310975C3"
"images\sv98_rifle-sheet1.png","6D837BA810B6AE7948D56F4C7C6C71260C427F458D941270480B93CBAC86C6A8"
"images\sv98_rifle-sheet2.png","23BFF1A12CDCBB8FEADF0885F0FB563075FF1E02B0B06DA013D2F2E5F863DD59"
"images\svd_bullet-sheet0.png","9B72AB7DB8583DE0DB85E378FA9C52CDF7874ADFCC35D3EDE01391FBCE9F0089"
"images\svd_rifle-sheet0.png","57C744E84942F7041C82D2282877145CEE78653705DFAEA0E51ED74122AF525B"
"images\svd_rifle-sheet1.png","B895200FA43A83C09DC1CDDA5AE83C319D418F7B5A62753578F57259A6C10DEC"
"images\svd_rifle-sheet2.png","A265D28477311E2431471D526B942385A623ED19BFD866212F68376945CA6D30"
"images\sweater-sheet0.png","77A7F41ED2740CE2FF70F43894AEAAA7DE4C1B04061957BD24A4ED5BD091A1DB"
"images\sweater-sheet1.png","64FBF5DBC36B55511A58D01BE2877806CF1B1FA82B8548D5CF610245F06EA96A"
"images\sweater-sheet2.png","E45282D661037A0540C345C9E6896ADA95E6DBA902451B00477B9D812DE40B9D"
"images\sword-sheet0.png","FCDECEA9FBF5F0B65F5C3AE9643100C28E288E1224C4D3A8D725256F2F6B194A"
"images\sword-sheet1.png","297408FB2579809AF7518DEF535576D76D435C4E2B9F7D1DC304AE87DCEAEC3B"
"images\sword-sheet2.png","B4228963151A8FDD1CFF8D68B66BB7A1A41D1AC9B8951EDBB9DCA863B5CF1D0A"
"images\tactical_bacon-sheet0.png","0E2B5AFA508646295C7121C2C2D9674F0AF26C5953087AE7145FDD1A818944F7"
"images\taloon_backpack-sheet0.png","DA36EF58E3EAACC73725E41EA9166BE6A21EA10239882AEE391BBA28FE56E144"
"images\taloon_backpack-sheet1.png","833DA9D6808FAAC2108DA8DD19D35E229139C7DD60CC819BF04A8BAE88C6CB78"
"images\target_for_team_bot-sheet0.png","1CBFDE0286EC91B27B5349A70AA3EE3DA6C2D53F79A55C8D5534E3A531897074"
"images\td_zone.png","E57D2EAAAC1AC4A1412050FFDA65F11C352CD185E80EF1ACDD2DFBC744DB1C4E"
"images\tent_checker-sheet0.png","C2B821F77B04DBC40EF93A27224A400BBE6EC9D1F26C89B1F0D3CC7A57A191B8"
"images\test_bodyhit-sheet0.png","5D1E00A68ECA587292B4D983C7F0397978FE290E190F9B1245699808CB1229C9"
"images\test_bodyhit-sheet1.png","ECBFAE3A63E70EEA04FF56FCE1BCA8E61916FB92017B11856873704C219DE393"
"images\test_bullet_hit-sheet0.png","925B8CC77E71B1A4A1B238203534C79F4AA351ACBA8D5DFCD4E6AB9C3FF42BBF"
"images\test_groundhit-sheet0.png","26ED805A2C8E3B2888FF7D59458BE5FBC49678B7D9643AF04960B6AF25791C64"
"images\test_groundhit-sheet1.png","E4EE8E6F19DF9571D2C59D0E7CA96363C7772D44AACDADD1B2539B9D02206586"
"images\test_groundhit-sheet2.png","1753EAC349928EFD20A1383633166675A2AD3CB8AD1F1EE14E3765A7773BFF42"
"images\test_shell-sheet0.png","1525C4C290817D68EF7BA58B2608209901890DDBFCC8CFDBA3FCD529FD27F71F"
"images\test_shell-sheet1.png","5A61F2246C7C60B47BD39B4E3F435F0ED9CE8A7ECB1725EBA4700C28BE35AF48"
"images\test_shell_12cal-sheet0.png","30BE5FEA202740533023008E43823B02BD7E567CBCD49BEDC65F029CDA813723"
"images\test_shell_12cal-sheet1.png","10310C3562B13C40585B42E15888339C3DAD0ECFA305D38980B5439283AA1723"
"images\tetracycline-sheet0.png","B07752B3DD34DEC29E095F4D8766D551950FBCC5862A628AC144A29A507A381D"
"images\tiledbgmenu_city_down.png","86D4BB5EA6A0B1833822FECE58C7B199B74A1F5B0C801C2C9DB293226D1BD165"
"images\tiledbgmenu_city_up.png","E24FCAFD50D4ED6F165C5A456462AF06605D4F6A83123426D0E589793ABAE7A5"
"images\tiledbgmenu_sky_sprite-sheet0.png","0A845CC17356091C388929A9A8E6A14EF7787D847F4BBB91854D85682F13A503"
"images\tiledbg_loader.png","929FBB92282BFEB09B192F50D34CD5F5DE4EDF90A67AE54AB4C99FD588B8318F"
"images\tilemap_bunker.png","A5EA91E54EE783DF7A59615E9BDA5936520AEB3E9A9BBD75ED2316366D2AF63C"
"images\tilemap_bunker_collision.png","D5B213C8CAA6D807013ECADB6C7D37DE103F0761E459EF5ECA556CA290BA9946"
"images\tilemap_forest.png","D1BF6454C567B3F5FD3C36835AA8A59C1CD03B2E1063FD6C43EA07E61B21A61C"
"images\tilemap_sand.png","7972604992E3982C5851518E53797A78670296F9D7CEF9EE6ED314F9A4F37CC9"
"images\tilemap_water.png","49F9493F7559ABA96B140709CDA7A41F73D2C1F42387E1C9C18D7F095C6F0D60"
"images\timers_sprite-sheet0.png","CAD8712B41738EF6C46A9A03EDC9D392634ABBD7F0C3B87B5CD2B3493A815F87"
"images\tomato-sheet0.png","366B1B91000A95C98FF948C4DD5FF1DD74D5932ED4EB3885980D771E7F032D32"
"images\tomato_seeds_pack-sheet0.png","6F861FE40916E2E23BB0D4F46EA4696D7DC514B54A1A5288E7DEA397509C1C18"
"images\toolbox-sheet0.png","33D2A3E9B7F9DFE56D5ECD5AD5BD7E026D10662A4FC8011684F5BE158DA30E1C"
"images\tortilla_backpack-sheet0.png","DF4DF47A722538A998748A830A06AC69693FB9A789DB0AF3344B62938C7F6E85"
"images\tortilla_backpack-sheet1.png","045859C4846D6B6DDC79B41D57C2C6958B27B5E8A2EC8ADA880FFB5532B8E42B"
"images\tree_block-sheet0.png","D9AA2F3A1FBAF41F664E11630D4FD53019043828DC0E0C089ED556C75F67C3D9"
"images\tree_leaves-sheet0.png","0E49BFFF1622F790498E0AE06B645B4F01C78886528DBE610DD74C8CF58370E9"
"images\tree_leaves_2-sheet0.png","ADFCFBE0A279183747CC0E419ADAFB042C41C9CD6AD214082345797EDC814296"
"images\tree_leaves_2-sheet1.png","0EDB749D99A135721ACE89A52924DF8041B41B335B461063FC10AD347CCCF57B"
"images\tree_leaves_new2-sheet0.png","AE5390E6B1943D5245A58B9AED1CB9C608F6D2A62A6B1A3A6A9E296AAAD79CCC"
"images\tree_leaves_new2-sheet1.png","9E4D609EC485571C806F33C429562907F64D194438981FF82E46BD0ED6925F81"
"images\tree_leaves_new3-sheet0.png","BA131B01E5F541B84BF28D60CDE0B4A2578A7815F74AD8C5B7913F3046FDA6FE"
"images\tree_leaves_new3-sheet1.png","52026AE8328F5E96FC5BEBC71B54E97D42576161C5196BC5F96C34BAD24A36CF"
"images\tree_pine-sheet0.png","AFA37898106CE50992542497855EF3D0124B1471D3B322BA01FCDC621AB4073C"
"images\tree_pine2-sheet0.png","9DD2F0DE3D007C9C4201180E91043D0FD8DECA637AE95479BA77AC7E9379F09D"
"images\tree_pine2-sheet1.png","E833CFBD038BBB82A551DF834CF821EBB4DAC2D7DF3745BFEB436A406CAAA672"
"images\tshirt-sheet0.png","3362E0A195CBBF3D65E51DE580965FF98707C4EC04A4C95BC2F01EB5167F1C74"
"images\tshirt-sheet1.png","9DA455D5C8B4E5E04B54EDE0DD38861180889E426FBDE7D3F7AC8C2BC8B3DFFF"
"images\tshirt-sheet2.png","F7CC886A202BA5C014DDDB0A0148686EEEB30E66D34771987A8E8B931F7465F3"
"images\ump45_smg-sheet0.png","7B407B46E1C421E82395564DBD802A08DEE074F6C9D8513BC9BEACFB04A6F1C7"
"images\updater_icon-sheet0.png","F6018809869D6AF60E416AA0DF7BDAAE8D9299AD739B4CA26FBCF069F468A5BE"
"images\updater_icon-sheet1.png","7A6BA79BF206B9650E4FCC3178B05DD81B9C3B64A7420CACB8B6F3A59F4D485A"
"images\updater_icon-sheet2.png","CC08311F08F114C22DF7B58453A3EB97B1098BCAB46C932E0AB847159DEACECC"
"images\ushanka-sheet0.png","ED15642A749C0A3395360616F541757DCE0146FE908A8CF743BF8A906180C4E5"
"images\ushanka-sheet1.png","39BAA4753154F2DBB2A5C5DE9A1A091479B28F8DB9CC2884DE8161C887C73081"
"images\vector_smg-sheet0.png","2B7BE7BD0A977F917C65DBF4A8FBE32CEBC52CF14441DB7A1D81A73124A4B414"
"images\vest_bulletproof-sheet0.png","CF85F268BA0E78C6220977846515EC27F886C64D1629E987447E46D88A576D91"
"images\vest_bulletproof-sheet1.png","2785EC3907391946FE77DBC323ACDBA11C65ACFE58962E451452D1532B5EC1E6"
"images\vest_bulletproof-sheet2.png","234882EC002A09627AEB540C9E4B51A9AB3F981A92B50BFAB9C92544EB381708"
"images\vest_press-sheet0.png","0EF742E9E6B2D820FAB6AAC3DFA676A724A5DC9CEB148707FB3619FAA915751A"
"images\vest_press-sheet1.png","CC05C1EE86BA160A3D39314CDE6C5BD08786DA22AAE391224C5E9D42C3A3E11A"
"images\vest_press-sheet2.png","57974BDCEB49C6369E1A919A7EB65113B92854EAA51BBA7F76E75C20122C8CAB"
"images\vitamins-sheet0.png","A9F37E1254532DAC93EBD8923EFFA4485680492C5F86DDEB17161E269C6A23F6"
"images\vss_rifle-sheet0.png","E27574417F3BFCD3653950D874B0176F488B44B08815FFC9BF7764DC190F1378"
"images\vss_rifle-sheet1.png","1983FA58F1A131C5FAE1245169107EF31811CCD3157F9A457F2C101B34F72EAE"
"images\vss_rifle-sheet2.png","8931EA093A0470934B43FE8FF0C3F4DFA5EBEAC01850A4E51D4909A27EBEAC35"
"images\walk_marker-sheet0.png","F032E61A8226628AA6C8E3AC981271F30CAD423E14A85AC702B019BE8A17293C"
"images\walk_marker-sheet1.png","ED72BD239DF924EB7C2AF85302BC950E1658FC4F6D67F68AF78894AAFF37FD0F"
"images\warmzone-sheet0.png","5A6D72D48C8A2DD97D9C9E11498D646E0FFD7BB98E0B6EDCE3B23DCF8A5F1C6E"
"images\warm_hat-sheet0.png","8E788702B117DAA9A9DB0705164A134A3BC327DC503665C1273881DAA75D421B"
"images\warm_hat-sheet1.png","662F5573B9657AAFAF2D9F52DD0D24898EDB6DF3CBB304026BA9A858D3125E6D"
"images\waterbottle-sheet0.png","0697F1DCBE94CFB6608664E212503F3337798B9D44F332398D7A7982965C532C"
"images\waterpump-sheet0.png","A45652DAE8FC1439745D457940E44E0942A58990DA2D1AEAC96BC5052716471E"
"images\welding_mask-sheet0.png","D14AB30226073E51B128642C859DD38704F449396F77BD242F75F350E6EF589E"
"images\welding_mask-sheet1.png","7E6C906685359499CC2BCE5AEC1C0B98B69B06FC4182EBA09056B75FC68C3F2C"
"images\whiskey-sheet0.png","6E64368B4983844F4D923EE2B09349F3C69968295DE2110DB8C2BB3B749EB5D3"
"images\wolf_dead-sheet0.png","772E15B592964D6719C46764CCCE2C7E56E2412F7D0FBF1946CCB5CCC905E297"
"images\wolf_dead-sheet1.png","F5EFACF7E856C02CBCD8FA328D03EFCE61686B94B0DC97B6A002C464A81EB4D9"
"images\wolf_dead-sheet2.png","F25E9D8306ACF4B4B73DED5EDC3456F91244C13BA3C486BF51D86E05FFE1F17F"
"images\wolf_eyes-sheet0.png","67E40C61D0956F3909A90387B45BF23A6A8CF040C2EDECEE3B69D70F975681A0"
"images\wolf_skin-sheet0.png","5A160522E21BA6D6E2A7D57BF4C8630284F53C2F0551250B8E779BA4D22CB94E"
"images\wolf_skin-sheet1.png","FE6969F8581F36E62A40AEFD67FFFF4BA50CE9BEA24426BF0748542EC25BFDDD"
"images\wolf_skin-sheet2.png","FE2152AB9A56657A5AFE65F35B0EC281C842546FCE8EB96DD48AFFE2A7D110BB"
"images\wood_piles-sheet0.png","9FB186D50BEF6407F205DAE12B89F2BE93F6D9CFF4F6752C0F5F18EEB097F060"
"images\wood_sticks-sheet0.png","5646B160D36091E9536650D7EACA354E6BBEFE3BFD6EC1EBEA1B594441A9FEEF"
"images\workpants-sheet0.png","E69744976AA0930E26DC281A65F9CFFB392BE6E2A62B7CCE81E48B1224E84016"
"images\workpants-sheet1.png","B6928C70E31353BB9F277CCC26CD83CFFAC96175EC0F266C5C10CDA7E694A204"
"images\workpants-sheet2.png","EAC9A7E1BD6BFC917BE89BA7E9FAAAFBFEF719B3BCE40912C8620B923D763514"
"images\zed_army_dead_skin1-sheet0.png","9944D56D05043118E814C889A18AB779ECBFCDED212C548F857C745B27AD49C1"
"images\zed_army_dead_skin2-sheet0.png","FF856DBB9B63D49A1F6392E9BACEFA93C3AD757A1E8EF2288FFD3179717AB954"
"images\zed_army_dead_skin3-sheet0.png","DDCDBD08ECB6B774EDF7547A5253BE2AD90D81A74BFF0B56E07465223CAA1638"
"images\zed_army_dead_skin3-sheet1.png","E173E2A2227D0DCA43382887358B889C7BA03AA486AA3C521120FE497B40B070"
"images\zed_army_dead_skin3-sheet2.png","ADBE81299870F6E92D157DD311147AE4FD368766A672A509083849145E991FAD"
"images\zed_army_eyes-sheet0.png","E3ACEDB9C343D07DE816EE732651271CC1018ABD82442DD051E4DDD6CA11A188"
"images\zed_army_skin1-sheet0.png","341112E9C5518955D5BC44234FA85C395491A184E05DE63D692FEB78E43461CF"
"images\zed_army_skin1-sheet1.png","2213FD11E56420AC23F1B36C6D9B0CEB13EE6847218215C4820B014E32B62028"
"images\zed_army_skin1-sheet2.png","C47A90037884DA4AAC077D695177E91E9C0FE0EB241F9329454BE151F3B302A6"
"images\zed_army_skin2-sheet0.png","10755F133BEE7C20996B481D50F612066CFBB27BBB2CE72E8CF5A7C43C0D407D"
"images\zed_army_skin2-sheet1.png","25FEE96BC586E6B359854696CCEC3681C2A33FE3D464EC96ECBE35E6936BA6F0"
"images\zed_army_skin2-sheet2.png","7107C5775F4AE55280B464ABAFD1D7F87A7E616F24F8DE3876E07EF1DC905961"
"images\zed_army_skin3-sheet0.png","66F750887ED7A27ED1B732D2BB196F55C49AC5F1C6F7E4465F7BB53DE73B5CE2"
"images\zed_army_skin3-sheet1.png","F5D13DD24CBECD95BEA45A43614369606168EFA853A9D44EECC61716F4A09380"
"images\zed_army_skin3-sheet2.png","38F98161826CF02F633761D77F492C1AED39EE770C43C95E1B5D9B660241B5E4"
"images\zed_bio_explode-sheet0.png","6BA572AAD54B4E2EAF935B17EFAA14FCE45398E47BCA265D7A23B1FC8D59E8D6"
"images\zed_bio_explode-sheet1.png","5CE84704AF6A61D0AA91C23FC3C9A6DC53246B7E44774BF0527ABBB9C166340A"
"images\zed_bio_explode-sheet2.png","2651DE1D3B2DB4E681DA1C0B4A73BF0D0D92F2207845FA8D7AD64B1DC7A7E649"
"images\zed_bio_splash-sheet0.png","3DA1FBEF132A1094C9A1BBBEFEF72B5F6E419BA6A26975F3A4AB3F1B49C0D6AF"
"images\zed_bullet-sheet0.png","DB39AE592CCFE485F5E1D0AFB62C76FBE0C79ECE788D66A51CB005F994AFA151"
"images\zed_bullet-sheet1.png","64F068115E90B6A7CA44AD305E2E2FBC7ABD11498B735382E0E8DA954DD19643"
"images\zed_buried_eyes-sheet0.png","8C2495ADB8E3B6EB9E2C46571D9F0FA55C45F458B1A11BBA511DF0883F06424A"
"images\zed_buried_hidden-sheet0.png","79F55805ADEA71998320D27E357492D7F3A3EEB7D08AB8BFE59CB69F9989F6B1"
"images\zed_buried_hidden-sheet1.png","AB6474A08A0231EAC1E5A5F957B8CBFB21FE14B5A567A9F09677DBA484331A4B"
"images\zed_buried_hidden-sheet2.png","A2B30ADECAF12AA7A3B2EB118F5180EE0B7AED234E318AD109620844820BDD9A"
"images\zed_buried_skin-sheet0.png","820806F1C4D1BE0A929C0813CF00E31467EDC61CEAE23F9BB2BD4D9C5A5CCC2F"
"images\zed_buried_skin-sheet1.png","00FC4038EA638CA97DFCC1CAE0082A819CAB41561C14891DBC4ABEA38E3F6396"
"images\zed_buried_skin-sheet2.png","129FB1F81890BF5B780B60EB97B22170992696D652F0E0601550524B0DE9B21E"
"images\zed_buried_skin_dead-sheet0.png","F1AEDBB3A5E83F506F3B76B0D4538411D1F2948373114E48716D2E2C1746B5C6"
"images\zed_buried_skin_dead-sheet1.png","B48F6A5C4B5BB6B194CDF14A5A4316C5DA08F21FE2759947DF2D438F8CFDC97B"
"images\zed_fast_eyes-sheet0.png","91320981E1C8760B64D2A8DD03AC9D734C70990B30A9BCAA28214859E5E78B43"
"images\zed_fast_skin1-sheet0.png","413AC6E55D035B88BD8A3296A8ED9500EFD5285FA5F6D75EB5684A94AC000ADE"
"images\zed_fast_skin1-sheet1.png","DBC7984D074FE17E3B14190E9BAD02D51DCEFBE6F8DA15C820980FBD193A1862"
"images\zed_fast_skin1-sheet2.png","0089CF8C0B169D6353A85FFBA05C5500065E0BD279335F9B322135BAB31852B1"
"images\zed_fast_skin1_dead-sheet0.png","2B0DAA49943D10784F4BDA045F1227A85EE51DF5C1F8707340CF7F466D866815"
"images\zed_fast_skin1_dead-sheet1.png","471CF25595BAF6C662E240DFBE1B0D40C8E37FF61C88239DD11E20A0208604E8"
"images\zed_fast_skin2-sheet0.png","0114056CDACBC6D2E795368BF7B4347ABD744EF88286AEFBAD30F3ABA7291699"
"images\zed_fast_skin2-sheet1.png","13E91FED3EED8109E76F4D7F761D57395F629B8712A24E62FDA377A8DD480FF2"
"images\zed_fast_skin2-sheet2.png","F7C4BAC8B4F16885948C3996ACA03CA3944F1F3E7AB0A0AABF556EEC984FD2B4"
"images\zed_fast_skin2_dead-sheet0.png","29416D6484C92B1FAB47C08ECAA962109CAF2F8480A30A35579C9795B3A39F0F"
"images\zed_fast_skin2_dead-sheet1.png","F72F137B61773396FC4F085A55E36BA3AAACCF9168D160DD0569127009DCF572"
"images\zed_fast_skin3-sheet0.png","1F2AFBA24F02369C440A6DBB802EE1CEA1AFE032739E2DC3A14FBA963C122790"
"images\zed_fast_skin3-sheet1.png","9CF9503EAFF0FFEEA5B0BF5B809A3BCE7DC7B4E275608EC1C79A363F740ECFDB"
"images\zed_fast_skin3-sheet2.png","5E5B3AA57F813E24EAF5CE3EC55B430BC9BFAAA4AF1B7B2A3A50F0E53F7701DD"
"images\zed_fast_skin3_dead-sheet0.png","F9B486B6BB98353C6279236C7CD44242FF798BDC61A1830645B07AA513CFBDAE"
"images\zed_fast_skin3_dead-sheet1.png","5261D8658A8E1FC0512B9A225EE9CA02E81D755535103ED50888F5353CB4CAAF"
"images\zed_fast_skin3_dead-sheet2.png","A3BA711726B84FC67E61D092F4706E31CECBC8F7A60616C988710E28DF78206A"
"images\zed_jumper_eyes-sheet0.png","7E2D318EFBFAC7D6FC9CA1BB9C03457AD715F52B650D21ACEEC059C291BAD243"
"images\zed_jumper_shadow-sheet0.png","72C04C264F662AAF2193BD106B8B5BB6038EE48E312E4F1E0204DC785480752A"
"images\zed_jumper_skin-sheet0.png","917C87CEBD2597DD22548754D00A6CA77A7CF12ACB45A67D6A5CAFCB99765809"
"images\zed_jumper_skin-sheet1.png","75F645339F0F7A84BEA05FBD96D418C93D3E7C85B0AF8B2F08D404800D097DC0"
"images\zed_jumper_skin-sheet2.png","48D16B3E6EF6E6F672B20C0DEF35BE00166B432EAB012BBE61AD8058814517D7"
"images\zed_jumper_skin_dead-sheet0.png","3B55B0E74EBE1473005615EDED5DAAAD81873233A99193C278666686B433D18E"
"images\zed_jumper_skin_dead-sheet1.png","63B31ACA3CB858FD5DCA1F75137DA0C0D58CCFD900AAEC7135A8829F591DE60D"
"images\zed_jumper_skin_dead-sheet2.png","1F121318036A0D1776409B41CAEEA3432887AE68337FBB19AB636FC804EC4427"
"images\zed_normal_eyes-sheet0.png","BD994E284150A3DB82984E147FEE023324A77B9FD4B0DCC2B64A7373B0B36122"
"images\zed_normal_skin1-sheet0.png","D803E0EEB26CAEEF2B9E43F3605EBEE794546F44A80743AC8813DE497BEF97A1"
"images\zed_normal_skin1-sheet1.png","D8A8624BFD32D34A758AE5669E4E60EC3DC7B22A878CEE628704DF26AE1E7B6F"
"images\zed_normal_skin1-sheet2.png","8AF7BFEBFC8601632B7132FCDEA5C9E3E7DF55F75CD0F99A0A53D97C1BE8DAE0"
"images\zed_normal_skin10-sheet0.png","070161A7364EFC3BD2019EE7BE5AE24A3F5151F169B3250BF71333C44D172EEF"
"images\zed_normal_skin10_dead-sheet0.png","B1E83F8E891AFE2082390F861C5B4D1C1CFB3373935D114D26BDB965A6D615DB"
"images\zed_normal_skin10_dead-sheet1.png","C3C32063E271B8CD0086540B8A60DBDCBD89958452F8DCED8C8A4E152234E081"
"images\zed_normal_skin11-sheet0.png","79F81A8D0F23E48DA21A45C5618855EA1287DF10E91770F2222CDB7E55F2B9D8"
"images\zed_normal_skin11-sheet1.png","672D405399AA71D955AF0CFABD3AAA7FC6F92F3AB069F222240B4A617B95706A"
"images\zed_normal_skin11_dead-sheet0.png","D18CE91909D854BAE927E939A2C7FDB46C91F924ADA2AB39D49D9A50F9118E05"
"images\zed_normal_skin11_dead-sheet1.png","CBE35A3C31FBBFC5F2D18CD73A669F012ECB9B95929C57D43D00528307FBB277"
"images\zed_normal_skin1_dead-sheet0.png","2622C9B97F38276CA891C1EAB7FB8BCB782865D93B3C196FCDFF6481E700C6E3"
"images\zed_normal_skin1_dead-sheet1.png","683C41CF7EE8D33E3C7BA2827AE76C2D0C3A63924FF3565EFFBC0FFAB7BE6B2A"
"images\zed_normal_skin1_dead-sheet2.png","97AB66484A83C272608D69BE660E4D9BF30F6F088665BD5D6AB1DB04382DC0EA"
"images\zed_normal_skin2-sheet0.png","F3DEB7EF590BE42FE492B8C121C4A2FE05AC047341EAB7E8A4BA27E473E0D5C2"
"images\zed_normal_skin2-sheet1.png","61FF6D2664DCE19E120931AC0A1670AF96FA3C9721B955F72DFA8FDE9052042F"
"images\zed_normal_skin2-sheet2.png","FF206EF175C01EB1B63B8130B0F1EF3C094D6808A20EFC94F4B8448077BB25FF"
"images\zed_normal_skin2_dead-sheet0.png","B6FE153A5E0BE6A7AA7A90E494D91A0D123F69F5A3A64B94258A7E0D2125E3C8"
"images\zed_normal_skin2_dead-sheet1.png","DEB270BCE7604599FB22371F0B46D6A69481C5B18C5AF0167D0C5025FCDC4327"
"images\zed_normal_skin3-sheet0.png","EE4738999F2502EA29A314486F73651BFBBB3BCD018EF8694F006D7358DF4A54"
"images\zed_normal_skin3-sheet1.png","50A0E8567B1886398E6A3FC72ECAAEBA75E8F3EEC5E4B660B0EFCE37E6A7668A"
"images\zed_normal_skin3-sheet2.png","9AD1C81E3C5A425D17F2F06D57F1B0B3EFA925C9B9F3E1B1088F72E60475E4E7"
"images\zed_normal_skin3_dead-sheet0.png","6DD9E919163FA472744EE7513727C952BBB56BFBFB908D55615D2EA9C0BF5917"
"images\zed_normal_skin4-sheet0.png","1AD84A9E600C1F72B1C7D1581BC920100FFF68D186C9BA42AF357F6480AAF594"
"images\zed_normal_skin4-sheet1.png","744C1A21C2C92F4BEAB751FE9721DC33161C1F5332B2E3705A3A04B8ACE98740"
"images\zed_normal_skin4-sheet2.png","F1BFD05ED2AA304A45744379A683F34D0FFAE879E00D757BD55A5F113746E088"
"images\zed_normal_skin4_dead-sheet0.png","D0C8341CB8154A212013C65717F574C2074B9AF7A7382D21C9AFAF39D3CF9AE7"
"images\zed_normal_skin4_dead-sheet1.png","6A229DDA56817D6443CF219C52080AC3659B80442079F9C3C7746DA387B36F62"
"images\zed_normal_skin5-sheet0.png","1863C4C24429B6B7A8B5365DEABAE063E641229DDABDB32A190D29CD0CA94045"
"images\zed_normal_skin5-sheet1.png","367253C846F1E20B9A079F0F3FF6D2EA548DA4E5D248F04D9A23A417EE50FC87"
"images\zed_normal_skin5-sheet2.png","025C4DBD0C9C52D9F51F1D12650022719CE01D880FF06C798FBE5968B3228809"
"images\zed_normal_skin5_dead-sheet0.png","9652EFBA761805351FA1D7881AD9D3B1165C30A44126F8E89A370938004C5698"
"images\zed_normal_skin5_dead-sheet1.png","084E8292807067B188197FFADFF09B8ACABEF772B74E41A1C7333D3B69A8CEAE"
"images\zed_normal_skin5_dead-sheet2.png","D2E6537B00D3FE903A906C21BD97E50542F996D62AD45C53C98A56EEE8B4196C"
"images\zed_normal_skin6-sheet0.png","FD83832F5028E48ECF9375F1F2E2DDB7DDB02106022805E77752EB0430FC27E6"
"images\zed_normal_skin6-sheet1.png","BB789940CD4ED0FBAB486AAD1C3FEB389B64E5FC5C31CA65D97A5AFB2BFD16F9"
"images\zed_normal_skin6-sheet2.png","344C0E65B7623253F72706FE3037644A2A43962749310220E32BCA2CE23AA3E2"
"images\zed_normal_skin6_dead-sheet0.png","906AA906EA4C2509A8CF5E1326320FD36B4340ADD1CA25E74E0AA62ED94D3922"
"images\zed_normal_skin6_dead-sheet1.png","57E01E54A9F821EE2A65E10B00CD89ABBC40897296044316AEAC4EA3A6D01A9E"
"images\zed_normal_skin6_dead-sheet2.png","2202558AF51D505DA91C0CF7F310EF34009AC35DC733A9BEFC83F438B0658A5D"
"images\zed_normal_skin7-sheet0.png","4262F21650AB02CD76276AE9F7BFF0C9CEE61376BDEE7F51BF9E52B042D15BF3"
"images\zed_normal_skin7-sheet1.png","59F71043219CDBDC1DE438AF0349A4E8D584F1F6250126A389D3E62EF0FCE8DE"
"images\zed_normal_skin7-sheet2.png","07E2095AAD5ADFE01E569FEBB50562A5D93842B36D51CC11AF56E901D771003D"
"images\zed_normal_skin7_dead-sheet0.png","28FCD11D7356771C17B1E883CC5C2AD2DDCAD3C15A4562BA1925004A1BDD99A3"
"images\zed_normal_skin7_dead-sheet1.png","5611E115AD0756ADC7961E6C119B415DF4C20F2BF5A5C24324ECCEED3FEE4477"
"images\zed_normal_skin7_dead-sheet2.png","212279EE373FE9EF4CCAC8429F30A9F79F7378C033FE48A560F3CD7386750D3A"
"images\zed_normal_skin8-sheet0.png","8C100A5A4C39A398D3738E4E6DE78E8E41E5BA9C90FF68933554F344BB3D0C0E"
"images\zed_normal_skin8-sheet1.png","BB3AC5DBE4FAF2054B64FE231C9D6967054783BF51749908A70C41EFFFAD81F9"
"images\zed_normal_skin8-sheet2.png","E121F4F608AFFC32245B8263B8262CE94D962B02D918C6C37717A9C68007A040"
"images\zed_normal_skin8_dead-sheet0.png","81DD8CD28EF4AD42C54E453CD52E614F5BFB1C367E4744DA067FFC1C965DAC9A"
"images\zed_normal_skin8_dead-sheet1.png","D1BD9A0F9A0808381E6023A1862303E456112D4B826E76B9A32C1E1A45430FB1"
"images\zed_normal_skin9-sheet0.png","CA00B62014B2001A4197CA2006B1B87990F4E6DCB21ED0EC103D8717B48F29E9"
"images\zed_normal_skin9-sheet1.png","027B80092552C9D5661837F4272C4BC7C6A34E914F8E88D8EBAE7E35F2017E5E"
"images\zed_normal_skin9-sheet2.png","26F85108DB826D44B28E09A1949F9D02C0477B097A8070186BD4FB9C6F4C8EAA"
"images\zed_normal_skin9_dead-sheet0.png","F963E74DA69CDEB98E86D1EA925C0564A884DB0774C4AB2FA48E7C8A86A7F8A3"
"images\zed_resp_point-sheet0.png","CC94EE92D999166C35D9E66084F302C8C407BD3316CA98F009A37A4418C450F2"
"images\zed_resp_point-sheet1.png","DE0191924704E1500E2FA3901AB98C6CF599655C2AD2A28080DEB783425CF6D2"
"images\zed_screamer_eyes-sheet0.png","A4594155464C2586505468177EBC0AA809736EA03B3F4D4A2BC07CC85D343BF2"
"images\zed_screamer_skin-sheet0.png","16CCFE007FBD109FC1B8D3187827063C0429A531871D582812538A8751BC1FC8"
"images\zed_screamer_skin-sheet1.png","3B814621C09736419533ED14A39EA9BAF17337FDA9886BBCB180427AF0F7FCBF"
"images\zed_screamer_skin_dead-sheet0.png","389D326503B122D4989A219492CEC143CD721DEEDBF412233579A7F3973FC751"
"images\zed_shooter_eyes-sheet0.png","700C7B9741F005103A6B5EA1DBC37147D56982589913DB4C6065D94C38272967"
"images\zed_shooter_skin-sheet0.png","FF641510270A6FC9EC3A90EC1E80CDFB7E146005DC0E2576F1479902558F357D"
"images\zed_shooter_skin-sheet1.png","161382FDDD4DE19A0790BB52B095C8B4F9A6599F28F74DB47CEFF9E215B0376B"
"images\zed_shooter_skin2-sheet0.png","541B72D721C0C8AAF555B91BF5306A537B9ED35386E34470F7DEC7F74081524C"
"images\zed_shooter_skin2-sheet1.png","1FA6AA9E13B4BBFE8F0F682B19A048B2A0CA243B991572C655A4BE8A5EF6332D"
"images\zed_shooter_skin3-sheet0.png","C399C4E863CE6308F6FE904C3B6C395F25337A6E55C22DFF04235822EFD37B00"
"images\zed_shooter_skin3-sheet1.png","18D9968A196496ACC9764F8EEAE8B0EB67B4EDD4DB03E462D7BAA029EEA06D1F"
"images\zed_shooter_skin4-sheet0.png","DD4CFFA049CCC10B9D0CB938346F2D0CB8F0CBB1CE5DA4489935716EC3E156C2"
"images\zed_shooter_skin4-sheet1.png","07183E4D82A8DFDC644F4945822B96BF83F0CD6B401FEB3D1B9D4872D8999AF9"
"images\zed_shooter_skin4-sheet2.png","32C686798ED52B24567110329BB421D5A272205DE292B3A87B2996A681082E34"
"images\zed_shooter_skin_dead-sheet0.png","7B1ACC27FFB50E66C7DC2A186818B2307EEBD7C65D905AB8BF836F53CAE9AFD6"
"images\zed_shooter_skin_dead-sheet1.png","4A7E14085001A4633B38EF0BC92F72A6A15EE61F8A5ED5F115F32C2511F9BCDE"
"images\zed_shooter_skin_dead-sheet2.png","0249D562DF366158A9899D2310D69F28D00C725C619C9557C88F3EC75FE009E7"
"images\zed_shooter_skin_dead2-sheet0.png","C5AB551742A99305CA2FD5CA1F0133E939960874A0155217B5F22E8E21F91AFE"
"images\zed_shooter_skin_dead2-sheet1.png","EA6CCDDE10B877694178DFBA5684F41073BC13679CC8B14F23F4D934ECEEF45E"
"images\zed_shooter_skin_dead2-sheet2.png","A330872D74439BCB7DF36F6C954268D1AF2BDF4CC484F36EDF9A522EED79AADE"
"images\zed_shooter_skin_dead3-sheet0.png","30C3E1A503B094883B6DBC231CA78FFBF0360B513FE43C06A81F551A10C81E42"
"images\zed_shooter_skin_dead4-sheet0.png","FD00AD3F0D4B639931EE2BA9058AEB80AD3963F82771C8850973B69D14E84810"
"images\zed_tank_eyes-sheet0.png","22531F1D3ED50E0D99AB498D0E5AA8EE8BDFC4EE590CFBE302D8A647F37E5FCF"
"images\zed_tank_skin-sheet0.png","37EB0150E4C8228EB3E218D9744F708F2B23E0CDD6B8C2152A4F2EA143B4049D"
"images\zed_tank_skin-sheet1.png","16E2A63A6128E8CFF4F518D49C2607B013CF327FBD09074A592372EB38649815"
"images\zed_tank_skin_dead-sheet0.png","D5FE25EF79F39ADDE9CA985B0BE051EF7C14A0F979219551446B94939CAAC81F"
"images\zed_td_spawner-sheet0.png","F078E53E5240BAD224B832A988188A1A06AD317489C3D079758692718B21AAFD"
"images\z_spawner-sheet0.png","E42BED30C5679CDB6E56CE3A17C0D20EA6018BAE2D8E658F239EBEC20DA1AC94"
"images\z_spawner-sheet1.png","215D044A2BD52FD50220CD686CC4EFB411436B3CA1ACC60903EACB4E43C12639"
"images\верх1.png","1DB593D198535CA36E7BC3C5C81C5AF28BA46E56CA1FFCF8C57183EAA2CAAD4B"
"images\верх2.png","5D77E0E24368DF07329F993F0151853C92B3718FAD76F51C472138106A045CCD"
"images\верх3.png","6728CE6E4F892DDA4304CC94CEAD064B68F50B3EBB57AFBE7C3FBB5A9E3E6CDC"
"images\верх4.png","C782B7CCF6ECB330B43A5ECDABBFFD485F03924AC2C50546176890B029035F3D"
"images\лево.png","65C37DDA6490104C40C5426FBF021E0D7FF2D1E0E80A71ADB2B4A80EA6B082AB"
"images\лево1.png","EFF8947370503961DD5DB859DDF371C471CD284D995498B429C1F6928E9F7974"
"images\лево2.png","D99C80601A7AD9370C0FB4DE86AB2E731DE641C27DB2D7CC8133F6099695A91D"
"images\лево3.png","52E3787D9DDDEEE63399BACA8883DC705074DCFE593A833B95882FA8FCCFB796"
"images\лево4.png","57BDA2AD63A390B5870F136B78633812D50C701B860A7A17F4DFD69776C5FE46"
"images\низ1.png","7858F03DD98D30DCBF3CFC91B2C4F2C4871C709961BECB3CD255656DAA8BAE3C"
"images\низ2.png","49F94A5FCA8A8852F193CA0724469012543FC13EAF99F77C70EA83D9FC756B2B"
"images\низ3.png","84678BF6755118CB4B90EB2352DAC53C8064D763784F23295319BCB1D6326956"
"images\низ4.png","803E968DD6CD856E85D4F78FFE3CC4BFC106C27CA377631234350441B74C4D64"
"images\перс1.png","18A66F5ADFE997CEB1A6449232A4BA57BD75A3B01D0BF6FAD66E4A055C011B56"
"images\перс10.png","CC5BDEBA726334A66CBAB42DE7E7F8C945799B52C8ADE805D840E50310ABB22F"
"images\перс11.png","4C1F84E1DE92F6D3B2187C92FB4AC138E315AF60B54D61A9041C0562CC9DC33A"
"images\перс12.png","CB2660304B2399860662392A28EA5E2F64F54E197A4C043E114A2E9EE5BA4851"
"images\перс13.png","D3B644678D1CD28DB57512C139CAB684D56FDD137114B9571270404422A439B2"
"images\перс14.png","5D14DA47C45DA3390A7BB074130E4BE685E2B5EC49223F29E341682854E147D1"
"images\перс15.png","E2A4891F3EE5B96A0A01D3D67FB4DEB5269CA1EFD8B87915BEC48BD5125E964C"
"images\перс16.png","B344FEFABD0F441471E89B179A54A03E65FEB8A68F8643D3F91EE2BA28168906"
"images\перс17.png","FB9904B3185E7A7278A9155165487E2E9234F98A426E91BCC39A09A248164E99"
"images\перс18.png","936D08F6CE05C04FD1F92454FFA6EEB9EF82593ECEF28F525020ED3130875365"
"images\перс19.png","DC1455F69299BE8FF644723B59AE8DFF61FE9FA758787E1AC47CF31FB48A7B5D"
"images\перс2.png","D26DF8BE61D082E3356616A8A791D9A6662E06EF60B0B80521A20869B68472BB"
"images\перс20.png","96D394220394E7F49608BB3605AF1503EB8C33EDBC1AC6C23A0DAD60EFC0C279"
"images\перс3.png","617250C32798C08FC6BF2129DD44E605A86C44A8F09E4DC6A57346ED64AC9CE5"
"images\перс4.png","C9D0605BD9BF686E1614261FB306B2B19606F6E8E7FA2D3976FAF248B23079C0"
"images\перс5.png","D13F399D3DCBAF7259F767AEBCC10CF0BDD99854D17279328BDADD7D5E873DB0"
"images\перс6.png","34A8548623B0A85730EDDB59E785283C81BAE9E0D73B878316E43807F36FD070"
"images\перс7.png","946FD589450A89675699AFD393F85813A6713B2CC164283B6FAABEF1F5DA0E01"
"images\перс8.png","29EBE8997815C68312A83D4C2EEFA7263C8A70F9FFEE7F1808C940A6D607FED7"
"images\перс9.png","19096AE9EB9813D862AE415395BC59B7F2D3EC12CA351FD89C960D83EF541A16"
"images\покой1.png","D30ECC3A427FAE1D25BA6C31ADD3E23F5D8EDA23EA7D61FC3D9EE1EE7BAF8C0A"
"images\покой2.png","BD737CA2C885F3C3C69721602470DB103A388DC84246FBBE187679DD3976222B"
"images\покой3.png","A10EC9450F2A187EA49F7D2DA379A71794DB6FC15174BA90AEA6B6E5BA1E1994"
"images\покой4.png","85EC1F12BDD516DFA23FAB5B8A80B39DEB354ECB15AF0FBD10319C8DBCFB9710"
"images\право.png","E32C6943E1DAB73AB88EC743D3BC1C2FCC78AF456D0FF04408CDC15F300BCF6A"
"images\право1.png","9E96AEDD0445C4F91E7F3140340E9901E5B6E93A445B9CAF54F31CC82CAE4236"
"images\право2.png","8F52F8F0D7177DFDC64C01DC3D146262863A13B9020A20C4DEE243DF41E62029"
"images\право3.png","FE01BED8C51C3CA72D1ED300AFA02E2CADB94AC819608D812BF2FF42C448FCC0"
"images\право4.png","BE45CCD2B6F8FEFC52332692BE413E2F6D8E0F2D52E659000ACF642D95D8D880"
"media\action_refuel_0.m4a","5C37AA853701C82DC4E7735675BE0E73C84C8313D928EA63CA7093C70F733EAC"
"media\action_refuel_0.ogg","B59713DC419138A89E0A0B4876AEC0586F0464191C49E27660022363EBF61D15"
"media\action_repair_0.m4a","834ECBA570E6876BC3359DD305CF62B18F9B7BE0D5DE430C8AAD0336A443B545"
"media\action_repair_0.ogg","65C7715CD5455EB46D79F07552830B136703FDA6A40F61592E4A719CD95E7BB2"
"media\adrenaline_use.ogg","82C9DB4D4A99B979D073241F43481695938322729FC8FDFBE7F40949FC7B1B4E"
"media\ak74_1.m4a","6B232B87DE44244FA5BC4BF4CCF346E34AC7601B575DD042E0C0C79246CCBCF1"
"media\ak74_1.ogg","BE469BE2D1791959B5020A07F2AEFC1F24D23A65F1DFD62C9470557D46070F11"
"media\ak74_2.m4a","6139FEBB1B50991A0CE1E1E3E696A52A2BF95CA6D0FBD390D852280549025198"
"media\ak74_2.ogg","E8DF6BCE42FA6D354ED337B6C2DFCF5923E9E6087F29BC472D99E5EB83BA9D69"
"media\ak74_3.m4a","175998946BE1E1A47CB410068311E357D1E3CE68897FE7420DA627022E67A7E1"
"media\ak74_3.ogg","D4EACD6F2F9E096ED6A7BF513D469C93494F5554D0D2B7A97E63AF5ACA991710"
"media\akm_1.m4a","E62E5DD1212760432B1D79EFF89D6532545470464135C76B3CCEA3B316003976"
"media\akm_1.ogg","D059FEC6C337095A574335CEA3E8A3E52222E05784F921422B6BE8C65580F501"
"media\akm_2.m4a","E62E5DD1212760432B1D79EFF89D6532545470464135C76B3CCEA3B316003976"
"media\akm_2.ogg","3A8BECD8E1F2C0C8269523D869A0014526368751130263611B3C95282C6BF3F1"
"media\akm_3.m4a","81790B11AB5AD70FDF9746B35EAD1B127D59B8ED6D291E5F055571BF19156A64"
"media\akm_3.ogg","EA31D7C93243B196BD06FBC731AA9F6106D0FFD1F00A1AC81DE3FDB89D2CB3CB"
"media\akm_4.m4a","AC4439CAFFB698C01341F74282F87E490CE7463F9A19C3A8F6DD5E341FBBE8D8"
"media\akm_4.ogg","F0BAE14AB717450401F45AE4235E6BE8A19DB0CCA714583C560CE64629B1921D"
"media\akm_5.m4a","53AEDC4BC9D3FA1D889F7ACAE329CBE9B02F7D51C0D41DF9E49703B2C3ECD1E3"
"media\akm_5.ogg","C7CDEC337D45324B79608B441C49AA476EB206D04EF777EA4240688084586C17"
"media\ak_chamber.ogg","02904B414236D8991ED7E07FB325AE9696598A52851C6B0F56BB71207A9081EB"
"media\ak_magin.ogg","B90A7387A714159550819C0C88CC323A1105B4E551FD947D6DCA8320F4C924B7"
"media\ak_magout.ogg","6C431F36FC84B9A2C0A73C399DC4F2ECE588BD0404B5B981FBA0D6F935C6B4C9"
"media\ak_silent_1.m4a","AE804BFA3D34E79331FECD82D7BF16B2F41C823B6D2064A4C58451F2B4372811"
"media\ak_silent_1.ogg","60DBD5499284E6C8C58E473EB8ACFC89990389B2E5D417C8D41EFD01708D4721"
"media\ak_silent_2.m4a","6A56985B62C1E47CE92A518735284C26B9559876FDFC0EBDC0257246608AAB77"
"media\ak_silent_2.ogg","48151E50428F1339B2C74BE880386E9A4A17E6D4924AA71523337D7F364874AE"
"media\ambient.m4a","898CC47F39E41336C14A7A6F3F9897F4DDBB16A784924E014A3FB42CF2A89541"
"media\ambient.ogg","1DA055D01C76D75172B692163C63ED9B63ADCA5C46F199F7240CF10261E993CE"
"media\amph_1.m4a","3DE6810C944556AD31A56F18BC513D5D76EAD566947E0CAD3217C684DE9AC1C2"
"media\amph_1.ogg","56B5948E5FB1FF8F2759DC47E46868CBFC65B3D19470A22FE528B2013FDCC8B6"
"media\amph_2.m4a","3DE6810C944556AD31A56F18BC513D5D76EAD566947E0CAD3217C684DE9AC1C2"
"media\amph_2.ogg","1162683233D100EED4AB1CDD293B32294FD1F8F7C4272CDAA62D913630837455"
"media\an_shot_1.ogg","55848B206AB7900EBE570072D40BD2D84AA0B95B48BAA2FA9BE3750BDCC1622E"
"media\an_silence_1.ogg","7385C9FA3BDC0BBD0553260DC7924D435BD49A388BCC8EBF7220743329EF88B6"
"media\attack_0.m4a","EE4787105B0729354FDF49392FD9F118CBC78FD61DAFD2CF8B4347A2D925C7E1"
"media\attack_0.ogg","E237262E8A6CCD051CF78B9FCC5DC0F7BFD555B5AE2463F1005B00C661AA27DB"
"media\attack_1.m4a","C3FC7E1C1359ACD6618514402FF151DAE3683BE56F19BB744E9094851B4B1974"
"media\attack_1.ogg","351E291B61699C665909B90BEAD0EB38D0264B3BA5C03172E71AA583637959B3"
"media\attack_10.m4a","130F7DA2EBB6330EC5B0676255DBC469D9BDD444ABB42AE25E50A798EB34B78C"
"media\attack_10.ogg","17A4DDE6D3EF5D65F618ADF297DF4B6A4FD1E129973D6393C8B4F8C032024EF6"
"media\attack_11.m4a","5E6CF50294C5763890362259A60D31E39DC0168A0BEF9742C544984B150736AF"
"media\attack_11.ogg","F4B03F335D6495D587D87C91DD3038420E1B308FDF3DD070AE467D4CB62C06AE"
"media\attack_12.m4a","C3D07C9CFD7B6A4E69B39FA5C80C95F6F83146F9280FCACE7F6B16F8141DB42F"
"media\attack_12.ogg","9269D51F113A39E5C9490D5C5F99D1991BBEA6C2AD2EDB8BD4665BC763591A91"
"media\attack_13.m4a","CE056B6E2781606BD85B9165C64C023084C58C5D74DECFD1076F3B462858349D"
"media\attack_13.ogg","821C8A45B2C6032564654CF64167EEC511A6F5F858A6D62134C775B52ADE5990"
"media\attack_8.m4a","BA350D9A2A84DBB110A3162A39B5D20FF06A2091D96F9300489B0B7687A9557A"
"media\attack_8.ogg","2981080FDF99DDD3BA675E31C8736477353F577E382B05753B40DE029513D9DD"
"media\attack_9.m4a","77551F4CE1D1F595D6088705F5974874D51905A48D6BB26D8259CB55FA0FE013"
"media\attack_9.ogg","CC4E6542CE062C5A6F10F7FA2761F794DBAAE94288C0D9FD4A551A045FD19B7E"
"media\bandage.m4a","5310109124DBF23F41B57172849D16C10B1984471B1CCDEE4A9CF3D3DA47F3B0"
"media\bandage.ogg","78791C6B8D50A0B6720BF6FC86030F548738EE62FA520593CD1BFFA425775923"
"media\bizon_shot_1.m4a","F83145867F38C6F2104C0935CE4E37CADD3B5A93BDD96C6C36055E895846DE0A"
"media\bizon_shot_1.ogg","131480E7ACFA0B6904DCDEB585EFF05EEAE7F5143E72046E508F3941983D8B90"
"media\blizzard.m4a","A982B9206F358212A7E1882CDC4BE854BC2A5DE19B36DFCDB341B79BA9ABDC5E"
"media\blizzard.ogg","CFD800F89BF1E8ED53523BC16D61564780DF8A45218D461EE96730F1FBC0F74A"
"media\body_1.m4a","18BB79434F499042FCC0FCA76E6259477056FF1B8707D28688696C51ADCD13F4"
"media\body_1.ogg","7D9EEF0B6E52E06D0DE7797C8CA90C05C361DE796A7D9F08FB1B447AB163D7F0"
"media\body_2.m4a","D3B74D01711340EFEB3FD669B725BD3FABBC9013ECFA4247561978CE7C509827"
"media\body_2.ogg","62F2378AC4CB847D0A02C86D70C0CDF11FD73E216C2A15D901AF0C7EF2E54CE9"
"media\bottle_break_0.m4a","91D9B07E61D63568CD315F8439B2ED63F3DD521B5332C342115094C6AA94C2D5"
"media\bottle_break_0.ogg","587E1B91F66E0F3673D910C99A770999CC66350910A132F492A8A82F9E2C72B2"
"media\bow_1.m4a","C5F910F4FA383DE7F7A781F6F8FA97DB1DC16C03E4EC191831B99A816905F1E4"
"media\bow_1.ogg","E69390981F949262878552A70D43120253AC3A4A8F9D93367F1CC4092A664BE4"
"media\bow_reload.m4a","50ED636ADCD63BCF7A6F03CD1011B9DE9501A57E9AA5D0934427F47F82091B66"
"media\bow_reload.ogg","3F8AD0FF14CB02187415AEFC6E1EA027ACE375DFC4F187398D5D8153E747C3E6"
"media\bunker_ambient.ogg","A6C48EDF67AD29DA751A12D0E807B51B496CF500DC79F0FEF34DB85C5F953933"
"media\bunker_door.m4a","E7545A2E594493FF03AA77962E634B7DCA25989B4B7C5C89C4AC538505A4410A"
"media\bunker_door.ogg","B767485420609AD005A52FD937178CDA2DA7F9BB64364F4A1E4AE2447116EB8D"
"media\bushsearch.m4a","417376645D0A3A289908470A96DE1136DA1EE99E6BAB161157000ADD10CB585C"
"media\bushsearch.ogg","7C6BD0911297F31FD9B10FD0F1A94DCA4ED8BB2EF9FAAA3D7EE64A5C8FA42DD1"
"media\card.ogg","F21CB2F2BF67AFEBC784E3E7CBD576209E3759344B9B1ED83F4B7783CF77AEA9"
"media\car_crash_1.m4a","7CC224E59E7297D28DC57F4422C88DE69B517FF5E28999A08030F358E6FF4D04"
"media\car_crash_1.ogg","B5F79D1795545B30BDF960BBE39969E19EB65FB30992BC0BDFA8EFFE3A0D56D5"
"media\car_crash_2.m4a","176B3D1DC39640F24FD0E7F30133773162B50E2E46605C2D25CB61930F06F76B"
"media\car_crash_2.ogg","B800033E2FF40871103F0805C288E7AA4ECEC09E1E5F8A83B781E245647B4290"
"media\car_crash_3.m4a","7E96E773DE9DACF93DFAC65AA9E21482114981BCD2F16698A5C20DAA7FB67917"
"media\car_crash_3.ogg","9DA780B5005A1EBBD009F2E0B9670D4FE3863CE556125959CD1F59434B7C9F7D"
"media\car_crash_wood.m4a","519B3B35CCF85B7B31B75D5EB2586E3B129608D526367BB3CEA79B4049E9DD21"
"media\car_crash_wood.ogg","2831DE35D273891C4E5F0B93779AF7426A59F375B2ED4C57B212687DC578C72B"
"media\car_door_close.m4a","34B21AA6C130395AACF1BAB062A49D86C7AAE51131B0BD1ED57700A8E7FE136A"
"media\car_door_close.ogg","99C582D17B57249FE1A5CB0392980BC26E3337C85989AC888593A37A2390FEBB"
"media\car_door_open.m4a","35B361EE830DADF4485267B856277A3B94066EBDA0CA16FD317DF88ABB9A0474"
"media\car_door_open.ogg","6AF32908FB04080E1E446C48EABBB7A47785BF188282837F5552DA3B49A63FDB"
"media\car_engine_idle_uaz.m4a","F6E119ECA6C705086198DD8C5C80FFE535146AE4F11AD99576D8BD444FF23EA1"
"media\car_engine_idle_uaz.ogg","2E0BA968518D32D39896A8CB5E47361818DA82B9FE17EEE867C70456B48F9FC5"
"media\car_engine_idle_volga.m4a","A05F5647AD9CC5DD9A90FCA7EDDA330E293F27FFCFB60549A0473BF157A7416B"
"media\car_engine_idle_volga.ogg","4379ECD290521C22F357CD042557055D910A91FE12A7FA4D18846AE39EF60A5B"
"media\car_engine_start_uaz.m4a","7665C88F848B3CC824946D2FD4942675813DFC41912B2C0073D5498A424D0234"
"media\car_engine_start_uaz.ogg","459C17502EE98FFB30CD006708C400F61FF4EF599CC258D3959DEB2E078943FD"
"media\car_engine_start_volga.m4a","2B7CF88DDD9E8B5BE6CDC1E6438575A29CAA7A3CA58F498C1C5F730DE3149882"
"media\car_engine_start_volga.ogg","804A07C1EB65E1ABFDD97FC48980EC02FEA4624FA5BD767216B23BA1C5993FC1"
"media\car_engine_stop_uaz.m4a","9BB71DDAE265124A1785F550D941CD516BE4F11C412AF6F264A22928F607756F"
"media\car_engine_stop_uaz.ogg","133F7221BB03B9338C73BCCA3E324D142391BDE1F2E802BAC2D6F5844310E4FC"
"media\car_engine_stop_volga.m4a","05AFCD9B71A3151D244A945E8897D866531649E8C896FE30292CA236C790C8AB"
"media\car_engine_stop_volga.ogg","A4F48E213CDB6ED426E934BCDE38C5E0E3A6671EF38FB48239A8B85D0E8169B9"
"media\car_explode.m4a","A0C7652E181CF64B461F31EDE440B5481636B023894F11FBEA374141EE8517EF"
"media\car_explode.ogg","9B001EF2ECCF0593A96F946E5A41B2442D665AC810F15DAB80152B73254C6613"
"media\chigur_shot.m4a","0D016AC504F06578A0A065E101C99DBD5077AF649BAA67B4C9116930117A04D1"
"media\chigur_shot.ogg","DDEAF26BE2B8C3A86B61802E006B2092515B9BA2701BF804E6D0D6F0EF42935D"
"media\chop.m4a","9CDF6D7000E4936282D778DC0839A5C6963217C60E7D66EF5E98345AEC22EA61"
"media\chop.ogg","BC275EFB51EAC2B92E0A13108D5A08DF02713761D5F5092F37FA4A2285BDFE96"
"media\chop2.m4a","E98198EB14BB2A33206EEEDD6943E16E020674169AB93BC47683430704A20103"
"media\chop2.ogg","7EE72F93176E1C727E4C5786C68A374DD784A7725E61A24BCA0B0E06C25CEEB4"
"media\chop3.m4a","D1E113AD243C01E44F9A4BE436105A10D9096CAD8DAE98C516DED3D1238EB1A3"
"media\chop3.ogg","B1749920FD84333E1D314C6547A769BDB3F60DDB774D64AAAB3F5770765E9F89"
"media\chop4.m4a","E0819DB506AD166A97C1A26B33A71A6D04BCCA1984C3C4C8AA49F1B5A160B952"
"media\chop4.ogg","38A7E9DBCF1A1D2CC056B3491BFBAFE1ED8CF6F5465E27C22C4F7CFE5BE69289"
"media\close_door.m4a","D867C344497505D638502E62865B721629ED4D437FD966BC8611A122D182CC4B"
"media\close_door.ogg","14FA4E0C34B22DC25D430062A7963C6BFC72884802A998904567865FF2231762"
"media\close_door_metal.m4a","BF6AB96696F20B30D2975D423FCE6619BE557D9B6704D2B1702A81F8945027AD"
"media\close_door_metal.ogg","4B6FC8551D1677D8CB51537D98BDFC0CE1128013A5EB62943C6456FDA485C919"
"media\colt_1.m4a","8DEFE804DB9E492810F584A7B59754A2D282CFB693266DE880BD908969654D40"
"media\colt_1.ogg","7DA8F8086689A00F34B0C3E55985027648D6527D125A501E0C63F32E015136E6"
"media\colt_2.m4a","C64BD1C97413B376D97EEF3CA05257C0167CEACC4486798985E268F4681ACD8C"
"media\colt_2.ogg","8EF4BB09CE59ADC20388C8E29A9ED5CB4B4001ECC6638ED8C6DF60BA34AA4389"
"media\concrete_run_1.m4a","30EA89B415BC046647082EDA8E6C512616941B79DA2493306E1B04E0306C3B9D"
"media\concrete_run_1.ogg","C495841BF7BCFF6F39D53E78E0C7108CD0767E5DB50437F7571A9286E3463A9F"
"media\concrete_run_2.m4a","68735001299D6CE82977C7D06947E1D7B38DC38D3729DD5EABE12D2A13C34B6A"
"media\concrete_run_2.ogg","7E5806C44A95BF8C3AE83B23E400C6DBCB7EE0C43704F864A0DC4BD14F6FDD44"
"media\concrete_run_3.m4a","35FE11BEA79B0BB3A3B174EE4B7E3C71A02E994D038D2C1E23BB39F2224655D5"
"media\concrete_run_3.ogg","72CA76AAD11D8A3A73C1C9117678E39895CA7314842301B3082C8D5C7C52387B"
"media\concrete_run_4.m4a","665A87F02AE41DB09BEC866D4EA0792703F9EE38838CC1349964C6BD0CE75D9D"
"media\concrete_run_4.ogg","519980C8F7CB783EB262EE257F0615B6B16EA22ED2FD0FCDBB490FEBF0424B70"
"media\crafting.m4a","4E7722E017D8D5F5268C7F5A73022899469724435271F7E546402D79B26185C6"
"media\crafting.ogg","B23F8CA1B30FA1FACB68C1650BF54D39203368B112486C1837AF4EE5CAA90947"
"media\crow_1.m4a","A2600F36E3384B463B3C02439712A7113938B557433520546F2591818BD0A861"
"media\crow_1.ogg","61DE4E54B413795CBBF892EDDA9795A01A47099CC3EA93633D7CE79A9FD60827"
"media\crow_2.m4a","C8A63E2E4BEC482D8CAF80AE18A11A7289D54701CDA834FDC3954236FC033267"
"media\crow_2.ogg","FCBB87E057F14C2311A0043A30C7CCE1EA583D495F63642D6F81B953B8CD0FA8"
"media\crow_3.m4a","D64FB40BE367CAF8A952D72126012B9ADA9F1AA4FD43ACE67CF4638FEB5096EC"
"media\crow_3.ogg","43E98DD0716828256AE8EBA27A528DE391FEDC7A6A26835293651E3BA5F3C547"
"media\crow_4.m4a","690282CA94635E429340CCFA0104590C597F571C96C7E26115A13559B71E9828"
"media\crow_4.ogg","58DAA706B010CE9DB1046BDD083FB77924AE2124BA40542C3290CBEC6595B60A"
"media\crow_5.m4a","127E4E512D2A5A5035484F50FC9A58DDB0C8C665BCD93B469698A57AA7F520DC"
"media\crow_5.ogg","DFB84E634588B391A602D2F6C6D5212E3880C9DB593EDE1BF35034526AC954C2"
"media\deagel_1.ogg","DB8AF66B430843D45212BC0E868D4AE5655BCC10E7C87C08E869AC80714F24AD"
"media\deagel_2.ogg","1DBBD978BE89E1F2997A7C00C72E906BD65262577817488BBDE143D4CEE33BC7"
"media\deerrun.m4a","70FD0EFD3EFAA0A5AE1D09CD24849DEBF5C70044657987A0C0CDB8357A63B806"
"media\deerrun.ogg","EEBFA1D51C2AC78FD56528DF2BD4F7E60B34BB29FB7DA8968221CEC36779C26B"
"media\drinksoda_0.m4a","02BE1FB826C01C787803926C0A410B4E16B95C45AB3478CCC349F71B8C83CCA8"
"media\drinksoda_0.ogg","ABD41E594E20862C9D0640F35D6D7AEBCFA2EAF68E063539EF175AE34E54E95E"
"media\drop1.m4a","9FD6DE506F0C13DFDF6DB508296A02D3B6779B16C66D542A6D901025AAD25D75"
"media\drop1.ogg","74266488C2D7592EC045EB3A2EDCFC723D1DA33D45B8DB72BCD393886D9A317B"
"media\drop2.m4a","AF30324296408393A9401A3A21C8B8FC5054B17B7FD3A1995169F614965306F7"
"media\drop2.ogg","DF3F50C89E8935A13115D9EF5A7FDF1343CA514A20CE8DA5A45DD027A45F1F29"
"media\eatingcrunchy_0.m4a","51EDC83C970F672230AC56AC68360AEED1949B589F16364CB63C75E1C0995B42"
"media\eatingcrunchy_0.ogg","CF4D82DD63204F8B018F2F52B06E015116D71DD845A9BB981F2D02FBE7684A25"
"media\eatingsoft_0.m4a","9486D7B0901ACDC98500B2C4094A772BDA4BA56FE890AEE81DA1B20C5486AAD5"
"media\eatingsoft_0.ogg","94AD2F4CAA3F62F256FC884ED532D5740764B6323FA2E4DC6C873DA10D084F27"
"media\eject.m4a","F59C8823A2AB73012280798A98860E2D194D9FD8A48CD1B5227CB341790EC456"
"media\eject.ogg","FBDAD828C1D129FBD7BBEFD828CC36C79BC29B24A75FC221C3612DF98F74B41A"
"media\empty_click.m4a","503E81F681F36D19F8D2C8D5E0924A7BB44CFCD9B6FEB6B06916E266C985D040"
"media\empty_click.ogg","665A4A104E012A6E54B1B03972193ACB526086910CA4AD09D9B0FA0062E85A80"
"media\f1_explode.m4a","8E9EF57130FA68C1D9A51D3368FD06618ECCC98818B3178401064038D02D359D"
"media\f1_explode.ogg","6A9E73022A4BA2F16A96A577C8AB7114672C266025FBAF4ACCD32E5B2E6E2809"
"media\fence_destroy_1.m4a","201146687AB088F3151569E12DF7815CD52F1074E8358EF9CC1835FDC492B52E"
"media\fence_destroy_1.ogg","529FB82FC04959CB0A9B94D7DC5E9A4311A9397E754AC5E5EA31AC48D25DD622"
"media\fence_destroy_2.m4a","640285BB590B28DDA15118875C8E208F8CAB4027912FDA627ED6CDD17E5A93F2"
"media\fence_destroy_2.ogg","DCA55CDC3CF224D441F6199DDEBF2AEF5A6A182F8A8120D231472F03360C466D"
"media\fertilizer.ogg","6152E5EF6B72C9FB20E9056049464625683BCDC695C34CA090DA1920ED97C24C"
"media\fireplace_loop.m4a","D2F54FB6307C09B81D5959FD627A990063578074BA4EBC4AD72F9994F1527C10"
"media\fireplace_loop.ogg","247144E1BD528F3D5D982023E75AACC51E7E9375016F1EA17F5613D577BCCC37"
"media\flaregun_shot.ogg","F392BB3DD64C0C72F97A66760139C56A53EBC65EC503EE5B3D1C0CAA2FFDACE1"
"media\flare_burn.m4a","D3108E582EFB9C0855C9D99809BE4D8C4C80E436B6138D70F23F93C4ADA4D9B9"
"media\flare_burn.ogg","EBC3ED87282F3D9055E6B0CFA3DE10CFC110190ABFA66C019D17FD69C9B379DF"
"media\flare_throw.m4a","56065B17B86B58D4A858350D4108A6B5A75FCD9F7BE4038CC27F8DE899272552"
"media\flare_throw.ogg","3AB78F8B533C6B2DE07133C5158DBD0DCA7C3603BE9ADC3A93048EAA30881DEC"
"media\fnx45_reload.m4a","2D8C9D1EA8EA70AE5133B71E12A97DBD2A6DE9A17F806EDB8517E2C424A17254"
"media\fnx45_reload.ogg","14C844CB6AE397CCF0A6BD9FE2875868FBBE1D9BE05A3FC3D9C14CE5302984D7"
"media\fnx_1.m4a","51ED49DF573E8757E05660F97D3F5337ADE86BB34815813AE04757251232B761"
"media\fnx_1.ogg","EEB8D68012436D826CFEE28F94C71749FA35BA954F2D2BA07F1F618BE150D7C7"
"media\fnx_2.m4a","30105A2B4E579A61F9B132A348DEEF74EF2EF2FBE3C453C22D3C5F305DD463EF"
"media\fnx_2.ogg","A567140C58F991FAFB2308EB70B0461419CEF8BA2108DF7D224DF7255D00B3C3"
"media\fn_fal_single_1.m4a","3869B9D63B6282DC834C6F5318C547D90B20E849BD73159541E9DF9B19B862A9"
"media\fn_fal_single_1.ogg","A4EDD27AB82868EA189F170507360A410D73582ACCF3C67AE358052A11D96F71"
"media\fn_fal_single_2.m4a","091B46472079F5C4911AED55CEC57EF0A463D11A20417A2CAE607F8CBDD241A5"
"media\fn_fal_single_2.ogg","2FEF3A252863432AC2C0E97FB3CF6025BFBB96E8431C3665C0A671C7C7717F64"
"media\forest_run_1.m4a","F63CD53F037357E744A0D8328573E0A1FBE3AFEC0BC3A2392FDF6DF83A1F1913"
"media\forest_run_1.ogg","479995F31232E0910E29529BF05F659DCE53AAEF9844FC70BFC4C7EC47D7FEF5"
"media\forest_run_2.m4a","4770B7CF0952641AA2729633077690D224FDA299012D1A52CD340345C2FD51B0"
"media\forest_run_2.ogg","574C41DD871A96BD6A39B59E4B1C9E0A4AB93F6F85D097E8DC4F888B7B28FF7E"
"media\forest_run_3.m4a","397E5729D06331A090B3F372613E33B36855431AC6145895314BEFEDEC1D169A"
"media\forest_run_3.ogg","40857FE2AD1CED07BB1CE6C6C8E435CE4C56E0D6F1F89B4EC314DEEB02CF6CB0"
"media\forest_run_4.m4a","2718CBF43960AFF08D13C2A605473B5A8001546276ACB5C7FEE70AF4ABDB1E31"
"media\forest_run_4.ogg","27C8AF80FE4ED717E826F6BD4A14E6101B899A52D3758CAF24A065DDD3C915E3"
"media\geardrop1.m4a","89D8FE0C7EB40E4250464A17FDCACAB5E6E2B0CE247DF14E30A346F2ACB61BAE"
"media\geardrop1.ogg","D4800B4CBA991048E2456085192D0052C43F96FC76A5623B9A9E60D9152DADCD"
"media\geardrop2.m4a","9FBA72B07D62248AB330CF1F06530329A74F702BFBDC6149485C6587F0ACF449"
"media\geardrop2.ogg","D8BDC6A6E255EC22B74A065922B5A76867356E21826FE0F3A2AFF9E3FE04F209"
"media\gearpick.m4a","4B79579E9EE7819E26264E574013A80A31A48C5CA347D7F47A038524751BEA8D"
"media\gearpick.ogg","29D17807E692755252FB24A5A8EFDCA42D8C659BCEA4BCC5D479C4BB2CDD6922"
"media\glock19_single_1.m4a","8D41433ADF0C85950CDE509D9DA1C0107ABDAE0C9A70BA368D8FB9C77C563610"
"media\glock19_single_1.ogg","633A3B9A325F8DC38A7CE904A98FE58C9B8162C15B3F7273D2E3AFA4CF6A70DA"
"media\glock19_single_2.m4a","A0B846E94303D85998F453454724263BD11B48AB1404B10999C5C33CB765D84F"
"media\glock19_single_2.ogg","F6169B16F16E3F3EAADD8A3B69421ACA2B65C155AC18032FAD830A80AE1484F7"
"media\gl_explode.ogg","359F833F5510408665364EB69507A6F3D421E8D34071169C7F7893DCB46F6959"
"media\gl_shot.ogg","5322EB039D93B673D89BB0CD2AD6C21AF870DCEB2DCFE398AF45E42AA8D5BE24"
"media\gren pin.m4a","8330914B9821655E342427735EB2A397F3BDD05F1FF8C04873D960DF3A8C9DA3"
"media\gren pin.ogg","CCEC6CCDD793144505BBA1C87621AD6CDB44BC87EAC593C8BC574F14F68A1B7C"
"media\groza_shot_1.m4a","73C26CD7BAB45C1D277E3F83C808254C811F29B55403F57CC281BF9D89FA63A4"
"media\groza_shot_1.ogg","CF6A8119146ACD4EE0609059AE3AB43723435EDF495930B4264392B58F3E3894"
"media\groza_shot_2.m4a","13EF1192544377CD50E8C89A69CD28BF6AE7ADEC34F8F887AB6BEEE0E5EEEB75"
"media\groza_shot_2.ogg","104D350A6DE3665DF39E7BA5E3553BFA7A69B2E9A63FF2A28A8D1F36A447EF3B"
"media\guitar.m4a","735A8EBE0027863F565B479AB4109A2637A457BB98EF2CF753AFAF3498DE970A"
"media\guitar.ogg","4AFDEA5AA00A1ED34BC13CC31D257153B857CB3148AA27C44AA922A3FCE370D9"
"media\hard_ground_1.m4a","5662087B2C5DBB6E33FC75F7EF7A2B6F60DD249F775FF2520AACDC7870EB4697"
"media\hard_ground_1.ogg","F5A21D3A9C5877E93A44AF4DCA67324A8AE0D12C0344B58778F7D136E6D44D6A"
"media\hard_ground_2.m4a","01CF0491C9DE4828F4C2AAB775E48CF5774BFD5EC6A94EBE49BF3AC5BD0BA3FD"
"media\hard_ground_2.ogg","55FB41AA5E8B9D426DCB5BBA1529EF0077690173A3B6D545A76870B5F79877ED"
"media\heli_engine.m4a","33570B04F168E9D02DC07310D0AC0B7AA6397B3A3674DDBA3CDFACE204271741"
"media\heli_engine.ogg","C8A63CD9365FA0EF14C5F99FD7536B0A744B932EA7B4F766289488F375955F57"
"media\izh_1.m4a","A3A55C02819AA476CDFF7A60D6517CDD25968788B81CCE0750A91C504A6F455F"
"media\izh_1.ogg","E318546C2E21419AEC8F7260D877F526FD7B326CD4483E35DB47E860F1F85106"
"media\izh_2.m4a","1A404074F1E466A189757C9BC3947993935405FB2AAD5DE8AB2CDCD6ABD3A516"
"media\izh_2.ogg","FC2E0B775CC35B6472E371B29EA9816A4D5AB02EA8AA330A2352C2F93727CBCF"
"media\izh_3.m4a","0F533A414F23F18D00EF8D935D0C3D101271F9127C773C57D974CB7951126FD0"
"media\izh_3.ogg","9A443ACBDC5F78F6D3043B2EC421D17F34E6FDB3B47234E6DAC6D2860C59566C"
"media\jumper_jump.ogg","F71268147C79323AE840C7FA5D4654B8E8E7A822E3602B1B0FCEADF6C309FE81"
"media\jumper_spot.ogg","0DB461BAA1EF9FA02AB0498F94888B74B7720ADE27D998CC0AFA3E71EC2A548E"
"media\l85.m4a","858F50E20EB48E95BDB38E14885082EC2A3187D7A9F735C5DFEEC4EFB55BFDB8"
"media\l85.ogg","5C7EC9B3787B82F8612C5C41D708065D002D26A796F67BF56099840DB193D8B7"
"media\lighter_0.ogg","F2E81DD4BFA23ECE2E4ABC54065F206750A67F666FCC8E80051BD3E156865D4F"
"media\lighter_1.ogg","D655CE3077A0EFA558C98F554B6DBCDBFF9B140CB5162DE8F5FD9DA5E057EABC"
"media\m16_shot1.ogg","218DD37127D6ED23CAA034BFFB5002776F78707F1416B068BD37117DC6BBD6CF"
"media\m16_shot2.ogg","E3AB17D92961FBC24CA6599C00AA06F43911CF3485E0754C348D2EFA0E8F7D59"
"media\m4_chamber.ogg","FD64E064F18ACDBAA91A093061931D57F977B579212BBFEB503068F7776561EE"
"media\m4_magin.ogg","2B8E8051625CF0B434E059804896C807867E107CD6CBB7E06B780C68E4B93E8A"
"media\m4_magout.ogg","8C141956C9BA819F768350C45BCAAB482CA6E780DCF3B55533BE1E6B6A540141"
"media\m4_silent_1.m4a","8E069C5855A1168A7D5B19417AE8EFCEB9C1318FB34CD2DF1D195CFF11755617"
"media\m4_silent_1.ogg","18D1C92A4877CF638E1A1E9DBAFFFD5C46448F466A98E5EA24E1F89A4CAF32A3"
"media\m4_silent_2.m4a","DDCF56B0C845D4AF71CEEDD5F9A29E914339178709DBAA9F847DB8EDF6F4E120"
"media\m4_silent_2.ogg","FF8A5F1680098CD2E4E4D029B31AD0FE90744236B23E74FDD349A7BCC4D72C54"
"media\m4_single_1.m4a","CD1746C22477E8E473D6F28BF98CF0011F1FE6C74D0DC3D1328BF8CA77633A34"
"media\m4_single_1.ogg","6878552EEF25E30D6CCFB2B9E9DD4A8FDE9959C0D104707CA03E98291ACF5261"
"media\m4_single_2.m4a","51A83E6C36AAF3CDB4A907C7C468750E0E50EC26471037C5144F6B0794487481"
"media\m4_single_2.ogg","849EA949367636A5F4D42B00D117936908A00F918E6765AAD0AC95571370EECB"
"media\mac10_1.m4a","3DB534F1A50B20D39E6C9712B42B72CED06EAFD88E69CAC69C6E044D8049767A"
"media\mac10_1.ogg","E492ED60D2C4909B563C181F17084DB28BC9C41E10199F33B019298C688C0377"
"media\mac10_2.m4a","986CA9DA0DAB35A85E5B0E07B894ED025551666131779DBDBE8B128A73B4008E"
"media\mac10_2.ogg","DB7C01A62FB19D90E30DAFEBC93B5FF2DFE54E92FC0A0DB0F4D5A1DE61FD6122"
"media\madsen_shot.m4a","EB34F8CA92825ABC77CF366072DD6FD591628544C5F2EF2E4C5309C3F4FF9133"
"media\madsen_shot.ogg","3266BDCA0C97D0D7DE407AFADB7660CD58648F952C69FFCE3ED1FA5479B1D109"
"media\magnum_reload.ogg","886398E56D4B020E95795EBD09ACC58D52A39C3A2D54D93A295CE8CC86447925"
"media\magnum_single_1.m4a","2CDF463199FED813B08297EAFD9C76E875D0F1EF4ED262FEE8FF3FA1693CDE20"
"media\magnum_single_1.ogg","06A239A306883DA22B20A7722147E09DEEA950B5091BF15D88B3DCCA83C30ECC"
"media\matchstrike_2.ogg","AF8ECCF9274800F39A40CC11DD6CA4F3F01714DDA719F6216D59C3637D98F579"
"media\match_0.m4a","0AD9AB090B543BD0560DDA9B2155B9965C3C83CDF1371CC85FBB1A0C5652EA99"
"media\match_0.ogg","9F71E831E259F81DBA2EFC425486578FB3EA424BE484697A0E83200481AD4B61"
"media\match_burn.m4a","265CDD3A06215986E94741DFC95E6AC34A1A907CD8B27980C9949C1A622F971C"
"media\match_burn.ogg","752B927443CF7C89B9F801EBD0AFB3B6AB660AFA7E43A3CDC5C22C25C7796F44"
"media\md_achievment unlocked.m4a","DF697A420518019DE658FEA9F870713E6D69DA78C082B2D98F6CD05703634DC8"
"media\md_achievment unlocked.ogg","C32B560186C1BF4966E7ADAC91C619A76555DCDC48006B6E88E7D025BAB9D63A"
"media\md_canteen_fill.m4a","F9BC887DE5A48E5B87D4D4B8999570508927FD6BF0450536C9656BF15F0D5E54"
"media\md_canteen_fill.ogg","24F22F0AC3BD304C5C4EDAB40C3F727A3C97E82A0C60296C983FE12A5D0F32F5"
"media\md_perk_1.m4a","3882C7F032384E74497C5296E13DAC7BA89358E819C8AA612430B1BCC560ABE1"
"media\md_perk_1.ogg","9EC8248923D0B4B13F90554BF25D0ECDFBDAA991C8C7A2FF92BAFACEAD642B67"
"media\md_perk_2.m4a","BE70A84C60C1C00F841DB8EC6151AC64BF7EF113797B637D34464436AAE0684A"
"media\md_perk_2.ogg","068B188E2A0D2B468AFE4ACF91B4C2EC226D6855A9E9EAE1CBBC24A575EB95B3"
"media\md_winter_amb.m4a","9F6A005D7F13E725D69069806DFDF6D711F82518599013DAA3AB296DD71C564D"
"media\md_winter_amb.ogg","D3C4ADA691E512CC58F688294B3F5844ACA2C660E9A5FF926953F4F7DB2C3A77"
"media\md_winter_night_amb.m4a","220B42655A056513535A7E0C65BE81833BF0114A5991FB1E2045FA6B0D4C9738"
"media\md_winter_night_amb.ogg","D7ABD6B7A69447F2449226CFB37D29FFF947B7A3103132C867CCCF3CF7009438"
"media\meat_cook.m4a","48F952CB62E4AC0BB1C90FDA5B7ED95F9609BAAB7E42787B1018253B68C9B665"
"media\meat_cook.ogg","AEF94877E7FACC2570108399DC29630DB67CA5CC61CDC09BC59FC7216F726864"
"media\mosin.m4a","6608D62EF1AA662F07DBDD619E9B4CF36D6DE92107BE587E9A777787DB9B3541"
"media\mosin_1.m4a","4EB39130FE0ECBB605D73BCD4DA4D2AAA28C261A06505A44BA2B1B76D216AEA7"
"media\mosin_1.ogg","42B2877007AA930D5C58AAD54CEAE49FAEE7E44AB3FF8999E3D43A776ECD27E7"
"media\mosin_2.m4a","E35CF23F0A490E6E42FE3AB0974BE4EE7D369A259431B1A5CCF650A94711E9A1"
"media\mosin_2.ogg","CA3BCBB8E462E2FD0CD46609CD0D33517E1F2C48B532B49A98E05B228B3FF18D"
"media\mosin_3.m4a","00C7A54176C25CE1AE2DAB6C60F3F2174283312AD720307C33877AE5D1886B92"
"media\mosin_3.ogg","39A1024F42C743FDC51F9D5634471B8D90D5C0D76AAD35D3A1E6BB17667851B5"
"media\mosin_cycle.ogg","EAA7B2081F069ECE480CD4C5B1326A0D4906E8E9352526C976412F3B02C634DF"
"media\mosin_magin.ogg","814C069EF3B898C0616092A68CB92ED1D8D1BBD9EE36368E4473495709731BF1"
"media\mosin_reloadstart.ogg","691D4CFF0EECB3035A2F3341047C157E6722A4D9DF8E202AD342DD01B85FCEB7"
"media\mp5k_single_0.m4a","A3D409766288C9E2F8D14F346A6AC3AF04E0852AE1E64C41BF96B8C77F8EB4A3"
"media\mp5k_single_0.ogg","EBE90D30488054D2A5688F8EA424B367CDB9C2D2EA8602F6057FFD40C2196E6A"
"media\mp5k_single_1.m4a","DD07DE20BB9AEEA3B0EB9C1BC053A0B0BB3B6E032DAA6B74B63C42FE3B637FE7"
"media\mp5k_single_1.ogg","ACABC61B9983842D155ADA32F9F6707E85D591EF4BC5352A3FD215B304EB2072"
"media\night_loop.m4a","FE0F80FF8BE898A241638C0481A7A2B74D4B45D5A3A02F247D5C245AA24E0BB5"
"media\night_loop.ogg","32F5FE38D990661AC6EB2306686CAA994C269D1CB3DBFA1C2B2B827AAC1D7171"
"media\nuko.m4a","6F09AA3DB330BE71188AB93D61611E6BE5547F6B38228D6AC4D5B9EA49590B08"
"media\nuko.ogg","57291F2366639C6245B626207CB3D0BB1037B75E6D0B79135DCEC2CD1C143BD6"
"media\open.m4a","4B21F84C5D480EF2C03DEA2D3BA4AB34D901CBBF0AB08C8CF0F32C23A297A138"
"media\open.ogg","DF4567213156C65B945444722FDCB7202CE82051526A0C8C037178DFEBD56775"
"media\open_door.m4a","BEB0FF58AD483746E013798D153F4CDC0EB09590EDD0A8905A189BB15B4675B8"
"media\open_door.ogg","1AF9A2E43151A4679DCEB7BE4D7134999765128F7C0AB3EB98482FC1DCB564FB"
"media\open_door_metal.m4a","A190B6CEE5E8C74F073D63C30A7A5979FDEDF2EA3F7AD6548B20E165D9C03F8F"
"media\open_door_metal.ogg","5FC59BBACC03ACEFC33ACF95427C092BA1E042C3666F3B7A4C3937E4DE2A2586"
"media\pad_open.m4a","1ABB7B33D4B7D92A4495AFFC7DB0F0B57AA1ECA89424C54028AF01DBE1C64FBE"
"media\pad_open.ogg","F6779992DC9CBCFA9894FCF540078679B33F5F18531733DA329B535586CDA11D"
"media\pad_page.m4a","A3EF271A332B75B3E0DFFE4BE601A58C6371D71B21215669B11B2B13CB1D676F"
"media\pad_page.ogg","BD65A757B45614AACF768FD9CF8B29B9BE519415946193082A136ECD7CE210A7"
"media\pb_shot_1.m4a","3A5C0C62A518CF017774C6E1C2C36C401EA1C0B8767D3767C3954D81F63C1DF5"
"media\pb_shot_1.ogg","3CAFF0504F10ABBAAA8BB209BFDC46E1494842B16854BDD04786C9E777A616D8"
"media\pb_shot_2.m4a","4FCD7F209E6990A5B99BF5EEDBAA3CA6F911CE8B614AAA24C7C18D7EB1C33341"
"media\pb_shot_2.ogg","7978647BBC7E90D4BD28FB8F665EAF5387B497500A177195ACCB1910E9FA56C0"
"media\pick1.m4a","60EB6A3DA38DAA008A73CDCD941A22E156E1D73C3DF921DBFB7FBDC1BADF5026"
"media\pick1.ogg","F30D01E823CAE5816C7E9A9191BDBA342860F824BCED49546E31617BED5BD08D"
"media\pick2.m4a","DC258D847B729BEE6C992FEA92972AE12B3593C07B269917EC28F0FBC165CC2A"
"media\pick2.ogg","DF7274888CB976B1112CA41563C32E87AEF4F3E7B9CF83BFB9DB4E9E1ABE9192"
"media\pick_pistol.m4a","F32FC80DB4490A150A10BF572579DCC3602202654B5CE03ADD596A5EE975C22E"
"media\pick_pistol.ogg","C08461D26F740084D88ACA094821840C6895A8C8557BAF6E3B01CF7905F7B55C"
"media\pick_rifle.m4a","2429F7FB3F63ADA02C1BE2617EA2D0D7D6CCE4C97773D8AE50D16BC075FAD814"
"media\pick_rifle.ogg","C944724AE0BDE630CB865954601BEE9E381B08DF5F8A4C06BF670C9E6BEBFC74"
"media\pistol_charge.ogg","ACB50A567D0580327B48FFB28A1D8392E70568C5129675620B315DE10410CB91"
"media\pistol_magin.ogg","86CAFC8BE89082594EA7A081BF95BE154B7D5100D8690BA7F47FBE3FF193960B"
"media\pistol_magout.ogg","9BDACFA5EEBAD1E233B0A5623CA744BC970208D3A155736BBA9E4EEFD6368707"
"media\planting_seeds.m4a","ECCF80C9F93A2A53DEB10E2235FA8D120F303D748844C4D24EDCFFFD6777CA09"
"media\planting_seeds.ogg","B0C3E6494AB68BD9F813AB6C38FA984B786E01F3064A7290FF5F14DE621674EE"
"media\plast.ogg","9CDA6A95DCEAC319DD2C38466BE249EB76C16ACC54518C44FA3C1313B5F5051B"
"media\pm_shot.m4a","EC9BCA8845ED461BF5B421424F1BC10AC0BE769B9BBAD258165518865F068AA8"
"media\pm_shot.ogg","0706C7E21EF91E13D5D312F61248E6D5D91C101824D33644682F854CC415E320"
"media\pred.m4a","ABFDDD0CF05C13DCEFF8520DC4E5B92950D13A927AE7293D1416538348ED220F"
"media\pred.ogg","8200948DF159D876D6AF8312AE1A9E3BB538ADC91BA7CEA217F69CF3039CC072"
"media\punch_swipes_0.m4a","09AC59EF20DCFA495ED2B5E7F8D711CB758D55464E05FD15FEDE9DC8AEB379FA"
"media\punch_swipes_0.ogg","732C33EF941F5F86CE5AB1EA2599C06391C211C2E218BF1A1507B6AE85466990"
"media\punch_swipes_1.m4a","F6136DA5DE7733E0910AD8B6D520F4CD16963147DAC57BB6E0C1EA088BB9183A"
"media\punch_swipes_1.ogg","B4E92519A24DE0947F7E070F60BF3A4B0584850C989454605FD99C49BE5DA85E"
"media\radio_noise.m4a","9494B4C6F55B9E6D0E15B06680F53693C6218F10F964E92798CE6F3BA260CEE9"
"media\radio_noise.ogg","A3989F78A881D7F0F7513CBD070417B260642A4187EBE548B51D5832AD9BFFEC"
"media\rad_high_1.m4a","B2ABD694F06036A02F04337A98251A1C28A3609871FD1F55DD90F8D923DA3685"
"media\rad_high_1.ogg","0E38371BE976C8F9E061E8FF8934EB72485EE9ECFD8E58BA73823E59DB1848CA"
"media\rad_high_2.m4a","076124B5AEE8A0956A17B82D3E0365A3E28D12712C9128D9748BABF244E46B8E"
"media\rad_high_2.ogg","065E9B4ABBA44FA9A611DD37FA8CFFE99C2BD9F54BD3CE06E795703663D20789"
"media\rad_med_1.m4a","FEDBA763ACD8E2B9FFA60AFA2D94A99CC62F61DB6C492CD5CB7FE0CDBF2FD8A9"
"media\rad_med_1.ogg","DE39D3D6C50D084D5F63F1D19CB4BD00A3F520271E2729C5F4B7621F1D45BD31"
"media\rad_med_2.m4a","9AD1F05990435C689957CE2CC41E1019F71BCEA481972F00E3AECA05E5A01E61"
"media\rad_med_2.ogg","D6DDD17230847798A731602747FBEA23479BDC3265C164FEC452ED00067DD041"
"media\rad_sml_1.m4a","56CA418EE594EBE64DB57FFE153843DCBDDF0F7B76D67470DEB9C97B4E896BBF"
"media\rad_sml_1.ogg","03710FD3F4C2716EDC5F339C9F150465D85024906574AAC2AF4B6EB87DC1E445"
"media\rad_sml_2.m4a","8A1C06922EA158422C8289AAB70B5BD6D22A39011272D0A4880CBAB668C6E9F8"
"media\rad_sml_2.ogg","EF1AB8DC328FFFB9476332A2D01CA7B1DD64D53B2EB3067CD422E97160AC2E55"
"media\rad_sml_3.m4a","974A55727B20399CB8CD883DAF3AE3FE13AB4BBC342D25074AED895174F7D677"
"media\rad_sml_3.ogg","CE0962A70239A2A85D49A3C8EB6B70586BFCD82297E8CCC1C1F0470FEAF5E8C6"
"media\rainroof.m4a","35BAEF6A4C2A10668397B7AECC13CD85BA52CE4882721412695EBD8F5B611F70"
"media\rainroof.ogg","E55956024E7210D6F45C7BEA63A50D3D22951D3A9560CBABECA287701AAA8529"
"media\rain_loop.m4a","C381A0F69AE6075849D40CEFE412239D8C1AAED005DA6BE13A1BCCB940286EB8"
"media\rain_loop.ogg","65517D91DAC81C27CD10E5D5CA13C9A4994D230CF96DBC7A1591E35FF10ED205"
"media\reload_pistol.m4a","A1F0ADBD4356553618837B86D7953307F658B8FCE88AA188C86F5C8320E6D72E"
"media\reload_pistol.ogg","6C09AF3C74C9BEBF189C53FD4C693CD7A534AD2801F1F217D4D156C0B8855CA9"
"media\reload_rifle.m4a","91501789BEA53BBBFACAE48746DD4CAD865B5082CA2E91039F71F39569AD572B"
"media\reload_rifle.ogg","33D53F6E7F54FD139E32909BCD65C9C181935BBCE59295B9C8FEA78C88F50D0A"
"media\remington_1.m4a","38C5ECC6D78185A8C6E82B79C47E2D2A95CE6963CA80D8007634C74B038DFEF7"
"media\remington_1.ogg","FC4A4A9311D889404BF7C569941269977AD584F577566A6DA9242A8E40D5F927"
"media\remington_2.m4a","1FE5ADC7B13FC19E110491C08C57CFC4C074BE73E85716B2B7C5AD9F9E51E5DC"
"media\remington_2.ogg","FEC9F884BD5CE214B2577842CA5B3103B409DD58BE104DB2425D3FBCFF980F2C"
"media\repeater.m4a","F1425087C06A29D2BB85DD1FB5C83CB85B4B8831398236C56EB0CA9C20800036"
"media\repeater.ogg","C14497D88DA28C7411F7152C267AA519F6980BDCF13525C17D8BA864190D3D8D"
"media\repeater_cycle.ogg","2EFE662101CE8D78EB1EBB0F3131064F0F8B245D0F0EA4404273924C6E728E14"
"media\road_run_1.m4a","EC14817F3CDADB6214BA9563965719DD97A38268CC0554734A74BF041DEE6E2F"
"media\road_run_1.ogg","5636266EEFA3728625D70EE695C1D1A6D088F690321297BC323671D2D8FD0F3B"
"media\road_run_2.m4a","904D618D23A945F8BCDC03B2D825CE5ADEBDA7FA949FFB5B116AD701DB090D27"
"media\road_run_2.ogg","6DBB9A10AB6A63ADF988B83D338E593DFC459F452AEE98D904590410EAF601C0"
"media\road_run_3.m4a","E3762533DC91375E0C97AD837C9281520FC18776D5973D08C5047D712F20DEB0"
"media\road_run_3.ogg","C1B78D3B3BEEDA0744E61DAD298E7A972AC3D6F7187C262C9EFED73DA78A4CAD"
"media\road_run_4.m4a","DFF6A0E047B7C18DB248C61E6F6A9ECB989BD1735FC679A4C9D5089E1A060398"
"media\road_run_4.ogg","06DE71C98290CBFBAB63060433C0EC34F905C5A559561BD1CDE0B25F92626D6A"
"media\run_1.m4a","55B891C1E0198CA364BBFA39EA5FE043CD9463AB774DC2F173527BECB9FF4250"
"media\run_1.ogg","A40DCF404503EF049422DA5878166EB77D4FE26846773574AFE877041C514580"
"media\run_2.m4a","4E5EEA3D481D212E6108FC46904479B71989C76F5E9872A0CBD2F198DFF113AA"
"media\run_2.ogg","5D548C09FD05AA61DE93A0E015E2839EB4CE40C46ECFE0C1549F011E2D88A284"
"media\run_3.m4a","8B17468FF7E1C672C1377D66D731CF090955932ED1A6DD8DB677EFE8FBBDFBF9"
"media\run_3.ogg","EB7EB8682F494F5075F9BC681903FE832B28F6293A6FFC3A3CF2D82F69EE6F28"
"media\run_4.m4a","E4E74A69C160069C65E66714A5E052F790C791168A3FADBF23D4C2C6803CF2F1"
"media\run_4.ogg","3F625524E5BAB01D0B864D3F106084EB13A3C665C1F0BF6227C1831C43530148"
"media\saiga12.m4a","B480FAE44E0E56DD7264455A9EAC43B0495E72A70AAC3F982C0E132938188D5B"
"media\saiga12.ogg","3BBA44D2A3F6E5ED2C6D2C3D0A3EC18E5A9B52C12806B6B8994A549DF4D49A55"
"media\sand_run_1.m4a","B92BED61F83781882FCFB07678E92E592D2BBFDC110F930F983810F2811BE256"
"media\sand_run_1.ogg","BE1D27DDB80D72B27CED1CEF39C6401EC1AA1C8EABAFA0D78E7B1ECFE34C1AE4"
"media\sand_run_2.m4a","9E2BA93FD35C2F7246B81EFDBCB6CF4150917BF1580EE5D1A2E4AF5B06425964"
"media\sand_run_2.ogg","31B0D14B0BAB3653B6E68AC275870122AC36A38C13E82296456D26455A9AB485"
"media\sand_run_3.m4a","DE606B69AD7DB3921DDF6177E3AAE453E4AB10BDEAB09F8ACBFBDCC7AF3110C9"
"media\sand_run_3.ogg","5C2D4F9BA255DCDADB08D445DFEE5366E18F6D8D144E1123E4535DF92708F4A7"
"media\sand_run_4.m4a","15DE9C43941DE3D83AB3472FEBB26A6AD633B7C40A784ACDDBBD320772D63162"
"media\sand_run_4.ogg","D457066B97262082C5F1DA6FB55228008A30B6A705FF8BE04ED024FB8C55DE4B"
"media\shotgun_close.ogg","0A2DEE5EA5CA17670280DC654621148EE4FD74D3804E53C5699370D55B65FDED"
"media\shotgun_open.ogg","C92343BC6745BD73C9BBB10985D80C453075F5215A71F8A63335373C69090697"
"media\shotgun_pump.ogg","241DB3DC988D80C003575F5F5C0E8E108810A39E784A259AD9A12696C54DF5C6"
"media\shotgun_reload_1.ogg","BC5B0EF963735A443DBB66569EFB26B85940FC09F6DB00E7A2DA2AA120E319EB"
"media\shotgun_reload_2.ogg","8A813F4DD097455BFACE0A132AB0702CB99963C7B4D298FAF6E8190F61F37325"
"media\sks_charge.ogg","721D8F35F04061CFEAC9FD5EEEB5543B30E0AAE5867FD5E684351011DBB778E8"
"media\sks_close_0.m4a","72E9C725EC0DDA8EE51BA70F36E4429231D60093371E21961C8553D13FBD8E84"
"media\sks_close_0.ogg","19E6B2810BA385ACE0F27C387DDB7B0C85974666F33C01C5EA3FDE8DC8A1A421"
"media\sks_close_1.m4a","C09AB4277D0DD3C7CBD6115535F80D8D86C07EA8DF87FC5710C6707FE2365BA7"
"media\sks_close_1.ogg","CCC26A798B6BE0475585D2B29EAB1C4A4350DA839A8ADCD4F6AC4D8D49FEF16A"
"media\smg_charge.ogg","69A9908791A6338FDA9E2C0E7E5E27AD41B3FD897CC593B33546ABDD2C5FF86F"
"media\smg_magin.ogg","C075303B5F449F665759FEB2583F9B437CD4896CAA6DC38E9D4978408DF1D9DD"
"media\smg_magout.ogg","F966FAE594634FD6673EFAFF7C08DE52823FFFDDDB150E41DD9F421B02177AF9"
"media\smokegrenade.ogg","097094BDCAB91C77BF6478E184E487C21232C4F13E70BF390A17833123155ABD"
"media\smoking_1.ogg","81E32D32B4BB41CDBDBD5174154AD720CB5ED9B8F78725F26784B2D25307A86B"
"media\smoking_2.ogg","FDC8193D025F0406117296776F7228089FB03A034B5634B044D49078ECF92CA0"
"media\sniper_cycle.ogg","05CFC774F42736D858589C25A1895127A3C65920B520CAF2077D4F62EB167810"
"media\sniper_magin.ogg","28D15EA8CFC40C804203ACC8997BB39D5AB776898A04355CDD950795ADA5D7CD"
"media\sniper_magout.ogg","104110632222F038A88329CF3DB5F0E13DD529C45D39C2B1A7DAAD311F2DED2A"
"media\snow_run_1.ogg","C18A0AE90B364DDE697647CC31CD184463167568A9D5E6C2130BDEF747D3DBAB"
"media\snow_run_2.ogg","EDD432A9FEF5E0A7D3FB5C792650AB18BFCA25AE61AA46EBF1F322D682843CB3"
"media\snow_run_3.ogg","43F503824B712F85C2F8C7F777DC6FF3391ED2C20F5AE4D69FA1B5DEF9F27920"
"media\snow_run_4.ogg","C956411FB66FF8A3AFF0888526041ECD2E2B2E00B3F942A0EAF653E6B85F75C0"
"media\spitter_spit.ogg","61256C3636E6AEF50570A403D5EA58CAC05306EF5C4A2B9FFCFEA05161F7754D"
"media\sporter_22.m4a","EFF79DF13C0E0D40E68365F214C1D2820689BFB87F232D226EE74A1EE4A25B00"
"media\sporter_22.ogg","0A2E6F8193A06763D1A07AEC4E6936A9BED06A985A2E404FD8D252F1E99AFC62"
"media\spotted_0.m4a","F35E3013594FFE0CD89CDAB1E25F5EB40F9AEB0AE0C6689AF921E384F1C2826D"
"media\spotted_0.ogg","E583E7A3A41E4D877202025FC0CB44699CFA79E00F85B54E7BFC1E503AED04F4"
"media\spotted_1.m4a","7CE9C3C0BA7B985D5459FC46EF3F1AC6E55F9FCD2000DB5277D28F3F267B31CA"
"media\spotted_1.ogg","8B81B6582AC5BC63D7F152A5E633A24D1D386244817F287529350A0FC4E9313B"
"media\spotted_2.m4a","996F6F389E5BBABF6DE40513AFE7AB146BA72D7A269E122C9E8B45683F576284"
"media\spotted_2.ogg","D9F90559135E6CF76B4CEF32C56E3D01A8DABEF2504845EC70FD780DF11C2E31"
"media\spotted_3.m4a","612E7AF4807A1BD80119855DCB4B9DD8F8CA2B30D7AAD2C2BA9BCD63792103D3"
"media\spotted_3.ogg","FD738EA94A1950016D760A91C90EF514D7DB4F9A2281FB646E4BA26975B02770"
"media\spotted_4.m4a","3306D0AEF332C988AEBEB52591B8AD4BB9E840FAA825C01D068DC3B4EFC4DC77"
"media\spotted_4.ogg","C23774FE33183B563616CBB9D096436FD17E7371BC6E88576C3AF885C9A7BF9B"
"media\spotted_5.m4a","252A635D45C1D586381044766AB63ED878EAD7813E56B92F553BC3AD90F25A8A"
"media\spotted_5.ogg","D4E2D25EC970977E0EE559C7CCFDA23A290DB78ABB5B20F0C2D8CE1122BCE556"
"media\spotted_6.m4a","268FFFA3C432F9976E76C67271B1D9A5E5A6CE6BC2FB58D16A4A051AD0F1600E"
"media\spotted_6.ogg","76AF04534593EEB68847B34A7EC58E1883EC5EF150576B68EDCE506AE7CA7B0E"
"media\steyraug_shot_0.m4a","03DA2928EFA59985220156F299E1B74BF6F9ACE71388FAD80614D16E111D60FC"
"media\steyraug_shot_0.ogg","225A9920ED79E9D3279627A1054778B5F615302B4A613A05736E235F5D10CC05"
"media\steyraug_shot_1.m4a","F18FA425ED4B7AA38ACBF418CCCE884A469E3FF1E195AE9076D9B0EACCD651A1"
"media\steyraug_shot_1.ogg","AC1AC71BCAE414B71A449F423DF7A8C9C8F8151C3335096D2ED07CCCED1DAD4F"
"media\sv98_shot_1.m4a","D4FD686DD61598F64AEF4C01719BE732CBDA5FE71683232F002813FC15B09500"
"media\sv98_shot_1.ogg","77685EFB7B172FEC356486FC238795441995E2FECCFC439776206F27798E4C18"
"media\sv98_shot_2.m4a","ECA45D9D8357AA879BE703D314B16CD24484E3066EC48AD9A640D0CD1A52261B"
"media\sv98_shot_2.ogg","9B7787732355FE5602AD1F64D74CDAFF0F5EA5B2EFCDB4687DA658096FDF93C0"
"media\svd_single_0.m4a","2E21E4C5E693F2D1811153BB4ADC0F0ABC1CC1705FC49EAD06BD8437429A500C"
"media\svd_single_0.ogg","67D2D81354D8F48AC99E24F0BA7591FF2574B06A4C843A0A2EF416259841F70D"
"media\svd_single_1.m4a","2939E266207277E40CB39A52A0FE21CCAB9F12D85B465EA50BD830265DC17201"
"media\svd_single_1.ogg","0E93BA28D5B1B53275DB5A6006AADDDE24F9CC72B077BC8A6B04B45C1B57F8AF"
"media\swamp_step_1.ogg","487131CBE2BB413CFD05ECA95B04FA87726A0618013233594A81E1A0619823E5"
"media\swamp_step_2.ogg","3D50DF6BD3AB92A1ADB1D70042C932532D1AC77A57EB7025C38094D2BCEEEBD7"
"media\swamp_step_3.ogg","45B83417A54CF00332C6C0F14C03839E7389BE028E5211804F1EFC5D8EA14D5B"
"media\swamp_step_4.ogg","E454A27C647ACD87BAA715C674126884C44AE62FF8C3749AA2BE890ADC8AE949"
"media\taping.m4a","CC8121A19708DFAAD8C207B14FBA55001891452DB143DEBE2C9766A8448C682E"
"media\taping.ogg","7890A67DD9628A9549B6D0166F2B23E7BDC51C4218A7CDE55A7BA784D544AD8A"
"media\tear_fabric.m4a","B4C6BFC507F58CD5BE4A34492C29530A04A90DE76696C3952B1AC5CE31AE1422"
"media\tear_fabric.ogg","3D88CE6635A31B325281736D43F7AFF48E959091F5A776F0A3ED91702914B115"
"media\tentpack.m4a","9C96A0EA39A354F0ABB29EFD1CE8789620B7D66A66BD72323804EB706933948C"
"media\tentpack.ogg","4ABEBA5431522995C9BD95474F40E4B8BD999EF2E144BA299A67B49ADFDFC952"
"media\torch_on.m4a","44F5469F80D6D59EAB3DBCF89BB797BF18EC838B0822FE6ADCF8F1DB87E71E2A"
"media\torch_on.ogg","E62D1874DE423237BE6ED7FD621A5E91843C452232C63CABA9A992BF1C20AD70"
"media\trap_bear_0.m4a","D195D3FC72BB705FC20B6143F11553FF43A1A303F50539645DFCDA909CC81E47"
"media\trap_bear_0.ogg","5079EC6C1089B10EBDB9045332DD17290C6152B609A3D7202E9F6A5C18F4B278"
"media\treefall_02.m4a","EA83DAD43C469EC85E82A433172AAC6F99904550A3DBDD3E1C4C34FFBCCC8C20"
"media\treefall_02.ogg","E98C3FC47FFBDA209689306C2E006A9C7C42C83C9BBDC866CF5E8548D7507371"
"media\treefall_03.m4a","FA79CACDD6A0EA438BAA4C337683C517542C297BF290C9F1AA7997738EBDD2AD"
"media\treefall_03.ogg","C5B3A6874D46D75BE3B0DB4EC6D61514777DDDAB0019C652CBBC8EAC63A75266"
"media\tutor_death.m4a","F792D6309E7CB023154B15FB015B0F3DF2BF1D945805CA97B556A27B595850A9"
"media\tutor_death.ogg","31436E0D0305BBD23D198801BD83C3659A252F2934723B14E29153420EF59169"
"media\ump45_single_1.m4a","48D7080191104886B4D4B48AD64C9188C4DD16F69BD3B77E215394DDC08DCB37"
"media\ump45_single_1.ogg","E9A444B3E80B59222D2613A8D77AEB74909FEB1E4FB18DCA0AECDE1B25CC8453"
"media\ump45_single_2.m4a","5363A244D3B497231C3B3888CC523DA4805525890B5C8324500FA542C8879F5A"
"media\ump45_single_2.ogg","9904BD7EEDE5AA656FD8B83AB595C362836EB86A3046B558DEA479C844D320ED"
"media\vector_1.ogg","D05126855DDCE30AAAC1F6BF7535E87D71968ABA40FECD05CA969BE4436AD987"
"media\vector_2.ogg","C47B86D8272B9764D6EDA45FC374FE78ECE54C5C41A72AF65B5D93BC5997E7E7"
"media\vector_3.ogg","2441952EA2501545E18EEE079CA0ED27678C2DBD36B320D2AA14488B4420D065"
"media\vitamins.m4a","85C583C4E9360C7E227A1F8BD7C476418AF6B990B95B0440ED1F4542232B37A8"
"media\vitamins.ogg","1A8EB52C6D424514A5360048F243607087904BB47609677260AD11C1E87C0025"
"media\vss_shot_3.m4a","9086DEF9257A52AA353D51CE76A84E8DA0A91B2BF621BD9EAAD06326C5FD3D10"
"media\vss_shot_3.ogg","32170E871AB2741206A2FB12768D658380EA129C801D5083276878A299EF048B"
"media\whiskey.m4a","B5582B7514818F9BA0AC7B0F5F6597DB224F00586D83B1A111E67CDBDC7B2766"
"media\whiskey.ogg","14A4C8D46196691A12A0964CDC67C9EB4DDD5CE273F2AA710A78E1918AF74B4C"
"media\wolf_attack.m4a","0E7B558C54C8BD05E0D51520DF075157FADBB6EB118E523B9B463516D39C9D54"
"media\wolf_attack.ogg","717AAB819C8B15FC7C6585D99C56E06770ED6DD31C0D735EED081D67892191E3"
"media\wolf_attack_2.m4a","8AB3DCD32C792C85CE6FD43D2629570EB20E47226C4C36709B405A1A55A5195F"
"media\wolf_attack_2.ogg","86788BDE906407A74524E23F64AD16CAF113B73B9E1F715F49447905A7C2463D"
"media\wolf_attack_3.m4a","4EB224411C45E9714127E9412ADEB785C14797FB3DB38EEF1B83498D6A89184A"
"media\wolf_attack_3.ogg","2827C202B9A3F98A2F1210DF82F443F97E3C669E6F0EA93E8F21EC48CF9AA354"
"media\wolf_spot.m4a","5EBB4752B8B7A480D29869C3588A96C1DDB8B86FBC3E05B1D3A2101A9783D25D"
"media\wolf_spot.ogg","9F4C0B912B07C59CFAC057CE58A4B1D00A1E9B19D1A806D9D2FFBE94CCE2C158"
"media\wolf_spot_2.m4a","C107A094D91CD9CB1EFFA8AAA799CD0D10938B7E40EFF80520A56FFD3CD97135"
"media\wolf_spot_2.ogg","A7E2C2A5AA8D0E0C741AF9D16ED63DD70F3E4C4CF8F02ED9705B290D860976A4"
"media\wood_1.m4a","A78C0801AC73ADFD9B2D3988EC315683AEB574A68B800D65B2E1A83C4518A5FA"
"media\wood_1.ogg","45928EE5615176217265ABA810B79BED34051D7162690B1DE039DC0E1981199B"
"media\wood_2.m4a","0F29FD952486F9313FEF901BEA7D3DE6735D39B9F682B3EE0124DAE3D68B2533"
"media\wood_2.ogg","EB3B8F029FA47F50B7AB53534AD56AED7F124EFA0480A01C56024EA454D880C1"
"media\wood_3.m4a","AAD517CDDB9DD6549AD4B55B03BEB2FE9F301C83D87713BDB18A3BC5BCC0A307"
"media\wood_3.ogg","47E125AFC22D85201DA66C9FEB86AD9996BC0BEE31646137730125FEE7748446"
"media\wood_4.m4a","8064C983822E084A3BA849D85EEE1744C73725DB5E910E434E88EE5209F606DD"
"media\wood_4.ogg","F5D3D3175059C6656CC96559403939FB62DA13ABDE2214A90D4E1905ABED3205"
"media\zed_tank_1.m4a","26575B79797C5522C7E9E341A84575527691104CEAE632E5338A2319BA4E8DAA"
"media\zed_tank_1.ogg","4A60B4E5CD1E99261B8603CBBCD26CEA75000ED230C733F1CBFE36E0261FD4D7"
"media\zed_tank_2.m4a","BBA10EFD23BBA15D71982B3C84EB2ECEFC8E3AA707DDDD3A212038A090D75692"
"media\zed_tank_2.ogg","69BB660652F779CCC989661C356970A31989157E6311FAE66F7B72C690914F45"
"media\zed_tank_3.m4a","2F51A9953F91B4233BA8CE13D86A990AA5179075D43F771E7B0B5191BA843371"
"media\zed_tank_3.ogg","91EED5E7E1060FE054F8C4A1DBC3AD286DCBE751B36C26403047F033A0919B55"
"media\zed_tank_scream.m4a","3A7F6D167506B78EF1AF05A7218CE23201DA54BCC23460A6165F3074100E7C93"
"media\zed_tank_scream.ogg","213C9BC20A8593E95D1B687CB5B2D29008C59A0ABBB3842DFE3A083289825E9C"
"plugins\cocoon-plugin-ads-common\www\cocoon_ads.js","F72DB06FDEE4D81AFA0BBC3057A09A7FE9775971C52D0E5E265386D40F3FBB0E"
"plugins\cocoon-plugin-common\www\cocoon.js","373E28D1057418E2936A1EC24570163E8FABD06B56A8700CC878DF14B8B36D5F"
"plugins\cocoon-plugin-social-android-googleplaygames\www\cocoon_googleplaygames.js","670E7FA2BAAE871995A9F8AAF09C10195D89F146B245141C68B7A93A3D054739"
"plugins\cocoon-plugin-social-common\www\cocoon_social.js","B9D1B4A4C0034BB48C3DE166300818C5042D986DCC99A36530447BDC361DB7C8"
"plugins\cordova-plugin-file\www\DirectoryEntry.js","400AA75DA0A18878F797E9544C3B3AB1A1C1F03EC9D6E0D5D4DCBC2559F1AE31"
"plugins\cordova-plugin-file\www\DirectoryReader.js","B022A5F20347B0D8313F39C137DD82541101DA02703351D26CEB63F7B6AB4825"
"plugins\cordova-plugin-file\www\Entry.js","1D3AAB564BAAA383A60FE65EB98515E5FDB9A1A5E716790230C52DD907926223"
"plugins\cordova-plugin-file\www\File.js","BDBBA4F29918F85940D905A59DC507B0C2BA4A55F7C167450716915F0F7D72EF"
"plugins\cordova-plugin-file\www\FileEntry.js","68607B648C6B6F925E95B9D6FCF5D6F7158B10AC2F6B7A1B19A20A489BCF5B83"
"plugins\cordova-plugin-file\www\FileError.js","4BB88D7F4CE5F75FD464D6F1CFCC5720DABA4AD117F81401CB8FD7871D8E6B68"
"plugins\cordova-plugin-file\www\FileReader.js","52942FC30FB187D1B293C73AA3BF6D0656191156896FC6304307C75C5927D529"
"plugins\cordova-plugin-file\www\FileSystem.js","503E606DBE6E3DB53B53C66FC48316CF2C00888D3DCDC31546FEBB012567954B"
"plugins\cordova-plugin-file\www\fileSystemPaths.js","EA1FE38DD6B50EE2661D3A6D81FFE5D20151236CC42C24F84EAFF7D49F3EA2B2"
"plugins\cordova-plugin-file\www\fileSystems-roots.js","270EEC1EADE10804A85E6BEB3EA8C14FA86EA314CA054102A75BFA07935AA750"
"plugins\cordova-plugin-file\www\fileSystems.js","7EB977CFE5BA216DFB66D0CFE7FBE9EB766A5275EA0F045768E528F040E21E05"
"plugins\cordova-plugin-file\www\FileUploadOptions.js","7417B4388DD495F42EB0D6A002539C6A299012F2BB994120B5096A40F2A54475"
"plugins\cordova-plugin-file\www\FileUploadResult.js","D86757C1C29C2DC0C68E7616E27CCAF72754BDB77001A5EC3F384D300DFB6EC4"
"plugins\cordova-plugin-file\www\FileWriter.js","0C050784AD7C583142EE19746C606DCA0D07399AA5DB212ED6A34BC017D9189D"
"plugins\cordova-plugin-file\www\Flags.js","35067F41222822B209A48C776467E95A278AD48872D842EB91950F2D327AB688"
"plugins\cordova-plugin-file\www\LocalFileSystem.js","E8CCA19A49B7FEF7CAC1B308745B29FF8C7F65B2E862FF45BF5DB8D275BF8EBD"
"plugins\cordova-plugin-file\www\Metadata.js","2C651B721A8BCC770230AE5E8849D9DA2203F8DA8C26F064075318F1FCDBA91F"
"plugins\cordova-plugin-file\www\ProgressEvent.js","BDFB395E134C9094FA9BD008B2E5E10C7E33A99865776779A064404EB6810C92"
"plugins\cordova-plugin-file\www\requestFileSystem.js","BAB928906951199F5D0ADD6CA323B1E3A309DA268A0931F3EDCF505253F16D4E"
"plugins\cordova-plugin-file\www\resolveLocalFileSystemURI.js","DABD7D9F3CF4BEF45868395EC5FF990B4828DF0E08EF8A0269F9DC4363687B75"
"plugins\cordova-plugin-file\www\android\FileSystem.js","9012817D8572D004C94B879E6A48E0723EF7824E3C1CF2479633EC96E885AB04"
"plugins\cordova-plugin-file\www\browser\isChrome.js","DF371A906E7578EC0043F7F7019A723BEBA15545016D20BB30CB03F4B5BF17BE"
"plugins\cordova-plugin-inappbrowser\www\inappbrowser.js","142BB5D6090B51D017F054AAD1FA7CD68322429064A9B5FA01B25F367E7199FB"
"plugins\cordova-plugin-statusbar\www\statusbar.js","25515D7611FF1B48CCFFB5340CE7695B50AF50DB3020671007D5B297246D0813"
"plugins\onesignal-cordova-plugin\www\OneSignal.js","8C4A98EE3E2294CE1F7326E293FA576D511573B613F57256986DC02F31F50854"
"汉化备份\index.html","533E63015A38D6F26CA3CDAB87597B2A6BAA53F0445234EC0F970E5F5B5C5EE5"
"汉化备份\l_eng_items.xml","4780E8DEED2295DCE3735E85C7CBC33059459DDBC6AA1553A6C4CB0B00BC9810"
"汉化备份\l_eng_log.xml","3794D50CCD9AB4EAD944F3B6432C3A099807340930615476CEC8AE54682769EE"
"汉化备份\l_eng_new.xml","CA3016272CDED30FD8A4E16BD40DB598E4C2F0DAA816444C7649158273BDDB19"
"汉化备份\l_eng_ui.xml","4392766F94F8D164EE70E30D8CC1CCB21A5AAA09182E36F38FF7A7C6E1CF9C5E"
